"名前","ふりがな","時代","関連（場所・分野）","肩書き","説明","アイコン","図鑑掲載"
"ハンムラビ","はんむらび","最初の文明の時代","メソポタミア","法律を整えた王","バビロン第1王朝の王で、ハンムラビ法典を作らせました。争いを裁くきまりを石に刻み、王が社会をまとめる力を示しました。","📜","図鑑"
"クフ王","くふおう","最初の文明の時代","古代エジプト","大ピラミッドの時代の王","エジプト古王国の王で、ギザの大ピラミッドと結びつけられます。巨大な建築から、王権と多くの人の労働が分かります。","👑","図鑑"
"孔子","こうし","古代の大国の時代","中国","人の道を説いた思想家","春秋時代の思想家で、礼や思いやりを大切にしました。儒教の考えは、中国や東アジアの政治と学びに長く影響しました。","📘","図鑑"
"始皇帝","しこうてい","古代の大国の時代","中国","中国を統一した皇帝","秦の王として中国を統一し、文字や重さの基準をそろえました。強い政治でまとまりを作る一方、重い負担も生みました。","👑","図鑑"
"アレクサンドロス大王","あれくさんどろすだいおう","古代の大国の時代","ギリシャ・西アジア","東西を結んだ征服者","マケドニアの王として広い地域を征服しました。ギリシャ文化と西アジアの文化が出会い、ヘレニズム文化が広がりました。","🛡️","図鑑"
"アショーカ王","あしょーかおう","古代の大国の時代","インド","仏教を保護した王","マウリヤ朝の王で、戦争の反省から仏教を大切にしました。石柱に教えを刻ませ、平和や慈しみを政治に生かそうとしました。","🕊️","図鑑"
"イエス","いえす","宗教と文化が広がった時代","西アジア","キリスト教の中心となった人","愛やゆるしを説いた人物として伝えられ、キリスト教の中心になりました。その教えはのちに世界各地へ広がりました。","🕊️","図鑑"
"ムハンマド","むはんまど","宗教と文化が広がった時代","アラビア半島","イスラム教を始めた預言者","アラビア半島でイスラム教を説きました。神の前の平等や共同体の考えは、宗教だけでなく社会のしくみにも影響しました。","☪️","図鑑"
"玄奘","げんじょう","宗教と文化が広がった時代","中国・インド","仏教を学んだ旅の僧","唐からインドへ旅して仏教の経典を学び、中国へ持ち帰りました。翻訳を通して、遠い地域の知識をつなぎました。","📚","図鑑"
"マンサ・ムーサ","まんさ・むーさ","交易と王国の時代","西アフリカ","マリ帝国の王","マリ帝国の王で、金の交易とイスラム文化を背景に国を豊かにしました。メッカ巡礼で西アフリカの富を世界に知らせました。","💰","図鑑"
"チンギス・ハン","ちんぎす・はん","交易と王国の時代","モンゴル高原","モンゴル帝国を築いた人","モンゴルの諸部族をまとめ、広い帝国を築きました。征服は大きな被害も生みましたが、ユーラシアの交流も強まりました。","🐎","図鑑"
"イブン・バットゥータ","いぶん・ばっとぅーた","交易と王国の時代","イスラム世界","広い世界を旅した学者","北アフリカからアジアまで旅をし、各地の社会を記録しました。交易路で結ばれた中世世界の広さを伝えています。","🧭","図鑑"
"鄭和","ていわ","大航海と出会いの時代","中国・インド洋","大船団を率いた航海者","明の時代に大船団を率いてインド洋へ航海しました。中国と東南アジア、インド、アフリカ東岸の交流を示す人物です。","⛵","図鑑"
"クリストファー・コロンブス","くりすとふぁー・ころんぶす","大航海と出会いの時代","大西洋","大西洋を渡った航海者","1492年に大西洋を渡りました。その航海は世界の結びつきを変えましたが、アメリカ先住民への支配と被害にもつながりました。","⛵","図鑑"
"バルトロメ・デ・ラス・カサス","ばるとろめ・で・らす・かさす","大航海と出会いの時代","スペイン領アメリカ","先住民の苦しみを訴えた人","スペイン人の聖職者で、植民地で先住民が受けた暴力や搾取を強く批判しました。支配を見直す声を残しました。","🕊️","図鑑"
"ジョージ・ワシントン","じょーじ・わしんとん","革命と工場の時代","北アメリカ","アメリカ独立を導いた人","独立戦争の司令官となり、のちにアメリカ合衆国初代大統領になりました。新しい共和国づくりに関わりました。","🗽","図鑑"
"ナポレオン","なぽれおん","革命と工場の時代","フランス・ヨーロッパ","ヨーロッパを動かした指導者","フランス革命後に権力を持ち、ヨーロッパ各地へ戦争を広げました。ナポレオン法典は近代の法律にも影響しました。","⚔️","図鑑"
"シモン・ボリバル","しもん・ぼりばる","革命と工場の時代","南アメリカ","独立運動を進めた人","南アメリカでスペインからの独立を進めました。多くの地域の自由を求めましたが、独立後の国づくりには難しさも残りました。","🗽","図鑑"
"ジェームズ・ワット","じぇーむず・わっと","革命と工場の時代","イギリス","蒸気機関を改良した発明家","蒸気機関を改良し、工場や交通の発展に大きく関わりました。産業革命でくらしと仕事が変わるきっかけになりました。","⚙️","図鑑"
"フローレンス・ナイチンゲール","ふろーれんす・ないちんげーる","世界が深く結びついた時代","イギリス","看護を変えた人","戦場の病院で衛生と記録を重視し、近代看護を広げました。医療を経験だけでなくデータで改善する考えも示しました。","🩺","図鑑"
"チャールズ・ダーウィン","ちゃーるず・だーうぃん","世界が深く結びついた時代","イギリス","進化論を示した科学者","生き物が長い時間をかけて変化するしくみを研究しました。科学の考え方を広げ、自然を見る目を変えました。","🔬","図鑑"
"マハトマ・ガンディー","まはとま・がんでぃー","世界が深く結びついた時代","インド","非暴力で独立を求めた人","インドで非暴力の抵抗を進め、イギリス支配からの独立運動を導きました。平和的な社会運動に影響を与えました。","🕊️","図鑑"
"孫文","そんぶん","世界が深く結びついた時代","中国","近代中国の革命家","清を倒して新しい国を作ろうとし、辛亥革命に関わりました。民族、民権、民生を掲げ、近代中国の出発点を作りました。","📜","図鑑"
"アルベルト・アインシュタイン","あるべると・あいんしゅたいん","二つの世界大戦の時代","ヨーロッパ・アメリカ","物理学を変えた科学者","相対性理論で時間や空間の見方を変えました。戦争と核兵器の時代に、科学者の責任についても考えさせる人物です。","🔬","図鑑"
"ネルソン・マンデラ","ねるそん・まんでら","今につながる時代","南アフリカ","差別とたたかった指導者","アパルトヘイトに反対して長く投獄されました。解放後は大統領となり、和解を大切にした国づくりを進めました。","🕊️","図鑑"
"マーティン・ルーサー・キング・ジュニア","まーてぃん・るーさー・きんぐ・じゅにあ","今につながる時代","アメリカ","公民権運動の指導者","人種差別をなくすため、非暴力の運動を進めました。平等な権利を求める演説と行動は世界に深く影響しました。","🕊️","図鑑"
"ワンガリ・マータイ","わんがり・まーたい","今につながる時代","ケニア","木を植える環境運動家","ケニアでグリーンベルト運動を進め、植林と女性の生活向上を結びつけました。環境と平和を考える手がかりです。","🌱","図鑑"
"マララ・ユスフザイ","まらら・ゆすふざい","今につながる時代","パキスタン","教育の権利を訴える人","女の子が学ぶ権利を訴え、暴力を受けても発信を続けました。子どもと教育の権利を世界に広く考えさせました。","📚","図鑑"
"ナルメル","ナルメル","最初の文明の時代","古代エジプト","王権と建築を示す人","ナルメルは古代エジプトでナイル川流域の王権、神殿、墓、文字文化に関わりました。巨大な建築や記録から、都市と国家のしくみが見えてきます。","👑","図鑑"
"メネス","メネス","最初の文明の時代","古代エジプト","王権と建築を示す人","メネスは古代エジプトでナイル川流域の王権、神殿、墓、文字文化に関わりました。巨大な建築や記録から、都市と国家のしくみが見えてきます。","👑","図鑑"
"ジェセル","ジェセル","最初の文明の時代","古代エジプト","王権と建築を示す人","ジェセルは古代エジプトでナイル川流域の王権、神殿、墓、文字文化に関わりました。巨大な建築や記録から、都市と国家のしくみが見えてきます。","👑","図鑑"
"スネフェル","スネフェル","最初の文明の時代","古代エジプト","王権と建築を示す人","スネフェルは古代エジプトでナイル川流域の王権、神殿、墓、文字文化に関わりました。巨大な建築や記録から、都市と国家のしくみが見えてきます。","👑","図鑑"
"カフラー","カフラー","最初の文明の時代","古代エジプト","王権と建築を示す人","カフラーは古代エジプトでナイル川流域の王権、神殿、墓、文字文化に関わりました。巨大な建築や記録から、都市と国家のしくみが見えてきます。","👑","図鑑"
"メンカウラー","メンカウラー","最初の文明の時代","古代エジプト","王権と建築を示す人","メンカウラーは古代エジプトでナイル川流域の王権、神殿、墓、文字文化に関わりました。巨大な建築や記録から、都市と国家のしくみが見えてきます。","👑","図鑑"
"ペピ2世","ペピ2世","最初の文明の時代","古代エジプト","王権と建築を示す人","ペピ2世は古代エジプトでナイル川流域の王権、神殿、墓、文字文化に関わりました。巨大な建築や記録から、都市と国家のしくみが見えてきます。","👑","図鑑"
"メントゥホテプ2世","メントゥホテプ2世","最初の文明の時代","古代エジプト","王権と建築を示す人","メントゥホテプ2世は古代エジプトでナイル川流域の王権、神殿、墓、文字文化に関わりました。巨大な建築や記録から、都市と国家のしくみが見えてきます。","👑","図鑑"
"アメンエムハト1世","アメンエムハト1世","最初の文明の時代","古代エジプト","王権と建築を示す人","アメンエムハト1世は古代エジプトでナイル川流域の王権、神殿、墓、文字文化に関わりました。巨大な建築や記録から、都市と国家のしくみが見えてきます。","👑","図鑑"
"センウセレト3世","センウセレト3世","最初の文明の時代","古代エジプト","王権と建築を示す人","センウセレト3世は古代エジプトでナイル川流域の王権、神殿、墓、文字文化に関わりました。巨大な建築や記録から、都市と国家のしくみが見えてきます。","👑","図鑑"
"ハトシェプスト","ハトシェプスト","最初の文明の時代","古代エジプト","王権と建築を示す人","ハトシェプストは古代エジプトでナイル川流域の王権、神殿、墓、文字文化に関わりました。巨大な建築や記録から、都市と国家のしくみが見えてきます。","👑","図鑑"
"トトメス3世","トトメス3世","最初の文明の時代","古代エジプト","王権と建築を示す人","トトメス3世は古代エジプトでナイル川流域の王権、神殿、墓、文字文化に関わりました。巨大な建築や記録から、都市と国家のしくみが見えてきます。","👑","図鑑"
"アメンホテプ3世","アメンホテプ3世","最初の文明の時代","古代エジプト","王権と建築を示す人","アメンホテプ3世は古代エジプトでナイル川流域の王権、神殿、墓、文字文化に関わりました。巨大な建築や記録から、都市と国家のしくみが見えてきます。","👑","図鑑"
"アクエンアテン","アクエンアテン","最初の文明の時代","古代エジプト","王権と建築を示す人","アクエンアテンは古代エジプトでナイル川流域の王権、神殿、墓、文字文化に関わりました。巨大な建築や記録から、都市と国家のしくみが見えてきます。","👑","図鑑"
"ネフェルティティ","ネフェルティティ","最初の文明の時代","古代エジプト","王権と建築を示す人","ネフェルティティは古代エジプトでナイル川流域の王権、神殿、墓、文字文化に関わりました。巨大な建築や記録から、都市と国家のしくみが見えてきます。","👑","図鑑"
"ツタンカーメン","ツタンカーメン","最初の文明の時代","古代エジプト","王権と建築を示す人","ツタンカーメンは古代エジプトでナイル川流域の王権、神殿、墓、文字文化に関わりました。巨大な建築や記録から、都市と国家のしくみが見えてきます。","👑","図鑑"
"アイ","アイ","最初の文明の時代","古代エジプト","王権と建築を示す人","アイは古代エジプトでナイル川流域の王権、神殿、墓、文字文化に関わりました。巨大な建築や記録から、都市と国家のしくみが見えてきます。","👑","図鑑"
"ホルエムヘブ","ホルエムヘブ","最初の文明の時代","古代エジプト","王権と建築を示す人","ホルエムヘブは古代エジプトでナイル川流域の王権、神殿、墓、文字文化に関わりました。巨大な建築や記録から、都市と国家のしくみが見えてきます。","👑","図鑑"
"セティ1世","セティ1世","最初の文明の時代","古代エジプト","王権と建築を示す人","セティ1世は古代エジプトでナイル川流域の王権、神殿、墓、文字文化に関わりました。巨大な建築や記録から、都市と国家のしくみが見えてきます。","👑","図鑑"
"ラムセス2世","ラムセス2世","最初の文明の時代","古代エジプト","王権と建築を示す人","ラムセス2世は古代エジプトでナイル川流域の王権、神殿、墓、文字文化に関わりました。巨大な建築や記録から、都市と国家のしくみが見えてきます。","👑","図鑑"
"ラムセス3世","ラムセス3世","最初の文明の時代","古代エジプト","王権と建築を示す人","ラムセス3世は古代エジプトでナイル川流域の王権、神殿、墓、文字文化に関わりました。巨大な建築や記録から、都市と国家のしくみが見えてきます。","👑","カタログのみ"
"イムホテプ","イムホテプ","最初の文明の時代","古代エジプト","王権と建築を示す人","イムホテプは古代エジプトでナイル川流域の王権、神殿、墓、文字文化に関わりました。巨大な建築や記録から、都市と国家のしくみが見えてきます。","👑","カタログのみ"
"サルゴン","サルゴン","最初の文明の時代","メソポタミアと西アジア","都市と文字を動かした人","サルゴンはメソポタミアと西アジアで都市国家、法律、楔形文字、軍事、交易に関わりました。川の文明で人々をまとめるしくみが育ったことを示します。","📜","図鑑"
"エンヘドゥアンナ","エンヘドゥアンナ","最初の文明の時代","メソポタミアと西アジア","都市と文字を動かした人","エンヘドゥアンナはメソポタミアと西アジアで都市国家、法律、楔形文字、軍事、交易に関わりました。川の文明で人々をまとめるしくみが育ったことを示します。","📜","図鑑"
"ウルナンム","ウルナンム","最初の文明の時代","メソポタミアと西アジア","都市と文字を動かした人","ウルナンムはメソポタミアと西アジアで都市国家、法律、楔形文字、軍事、交易に関わりました。川の文明で人々をまとめるしくみが育ったことを示します。","📜","図鑑"
"グデア","グデア","最初の文明の時代","メソポタミアと西アジア","都市と文字を動かした人","グデアはメソポタミアと西アジアで都市国家、法律、楔形文字、軍事、交易に関わりました。川の文明で人々をまとめるしくみが育ったことを示します。","📜","図鑑"
"シュルギ","シュルギ","最初の文明の時代","メソポタミアと西アジア","都市と文字を動かした人","シュルギはメソポタミアと西アジアで都市国家、法律、楔形文字、軍事、交易に関わりました。川の文明で人々をまとめるしくみが育ったことを示します。","📜","図鑑"
"リムシン","リムシン","最初の文明の時代","メソポタミアと西アジア","都市と文字を動かした人","リムシンはメソポタミアと西アジアで都市国家、法律、楔形文字、軍事、交易に関わりました。川の文明で人々をまとめるしくみが育ったことを示します。","📜","図鑑"
"シャムシアダド1世","シャムシアダド1世","最初の文明の時代","メソポタミアと西アジア","都市と文字を動かした人","シャムシアダド1世はメソポタミアと西アジアで都市国家、法律、楔形文字、軍事、交易に関わりました。川の文明で人々をまとめるしくみが育ったことを示します。","📜","図鑑"
"ジムリリム","ジムリリム","最初の文明の時代","メソポタミアと西アジア","都市と文字を動かした人","ジムリリムはメソポタミアと西アジアで都市国家、法律、楔形文字、軍事、交易に関わりました。川の文明で人々をまとめるしくみが育ったことを示します。","📜","図鑑"
"ティグラトピレセル1世","ティグラトピレセル1世","最初の文明の時代","メソポタミアと西アジア","都市と文字を動かした人","ティグラトピレセル1世はメソポタミアと西アジアで都市国家、法律、楔形文字、軍事、交易に関わりました。川の文明で人々をまとめるしくみが育ったことを示します。","📜","図鑑"
"アッシュルナツィルパル2世","アッシュルナツィルパル2世","最初の文明の時代","メソポタミアと西アジア","都市と文字を動かした人","アッシュルナツィルパル2世はメソポタミアと西アジアで都市国家、法律、楔形文字、軍事、交易に関わりました。川の文明で人々をまとめるしくみが育ったことを示します。","📜","図鑑"
"シャルマネセル3世","シャルマネセル3世","最初の文明の時代","メソポタミアと西アジア","都市と文字を動かした人","シャルマネセル3世はメソポタミアと西アジアで都市国家、法律、楔形文字、軍事、交易に関わりました。川の文明で人々をまとめるしくみが育ったことを示します。","📜","図鑑"
"サルゴン2世","サルゴン2世","最初の文明の時代","メソポタミアと西アジア","都市と文字を動かした人","サルゴン2世はメソポタミアと西アジアで都市国家、法律、楔形文字、軍事、交易に関わりました。川の文明で人々をまとめるしくみが育ったことを示します。","📜","図鑑"
"センナケリブ","センナケリブ","最初の文明の時代","メソポタミアと西アジア","都市と文字を動かした人","センナケリブはメソポタミアと西アジアで都市国家、法律、楔形文字、軍事、交易に関わりました。川の文明で人々をまとめるしくみが育ったことを示します。","📜","図鑑"
"エサルハドン","エサルハドン","最初の文明の時代","メソポタミアと西アジア","都市と文字を動かした人","エサルハドンはメソポタミアと西アジアで都市国家、法律、楔形文字、軍事、交易に関わりました。川の文明で人々をまとめるしくみが育ったことを示します。","📜","図鑑"
"アッシュルバニパル","アッシュルバニパル","最初の文明の時代","メソポタミアと西アジア","都市と文字を動かした人","アッシュルバニパルはメソポタミアと西アジアで都市国家、法律、楔形文字、軍事、交易に関わりました。川の文明で人々をまとめるしくみが育ったことを示します。","📜","図鑑"
"ナボポラッサル","ナボポラッサル","最初の文明の時代","メソポタミアと西アジア","都市と文字を動かした人","ナボポラッサルはメソポタミアと西アジアで都市国家、法律、楔形文字、軍事、交易に関わりました。川の文明で人々をまとめるしくみが育ったことを示します。","📜","図鑑"
"ネブカドネザル2世","ネブカドネザル2世","最初の文明の時代","メソポタミアと西アジア","都市と文字を動かした人","ネブカドネザル2世はメソポタミアと西アジアで都市国家、法律、楔形文字、軍事、交易に関わりました。川の文明で人々をまとめるしくみが育ったことを示します。","📜","図鑑"
"ナボニドス","ナボニドス","最初の文明の時代","メソポタミアと西アジア","都市と文字を動かした人","ナボニドスはメソポタミアと西アジアで都市国家、法律、楔形文字、軍事、交易に関わりました。川の文明で人々をまとめるしくみが育ったことを示します。","📜","図鑑"
"ベルシャザル","ベルシャザル","最初の文明の時代","メソポタミアと西アジア","都市と文字を動かした人","ベルシャザルはメソポタミアと西アジアで都市国家、法律、楔形文字、軍事、交易に関わりました。川の文明で人々をまとめるしくみが育ったことを示します。","📜","図鑑"
"ヒラム1世","ヒラム1世","最初の文明の時代","メソポタミアと西アジア","都市と文字を動かした人","ヒラム1世はメソポタミアと西アジアで都市国家、法律、楔形文字、軍事、交易に関わりました。川の文明で人々をまとめるしくみが育ったことを示します。","📜","図鑑"
"ディド","ディド","最初の文明の時代","メソポタミアと西アジア","都市と文字を動かした人","ディドはメソポタミアと西アジアで都市国家、法律、楔形文字、軍事、交易に関わりました。川の文明で人々をまとめるしくみが育ったことを示します。","📜","カタログのみ"
"ソロン","ソロン","古代の大国の時代","古代ギリシャ","政治と学問を広げた人","ソロンは古代ギリシャで都市国家の政治、哲学、数学、医学、文学に関わりました。話し合い、学び、芸術が後の世界へ広がる出発点になりました。","🏛️","図鑑"
"クレイステネス","クレイステネス","古代の大国の時代","古代ギリシャ","政治と学問を広げた人","クレイステネスは古代ギリシャで都市国家の政治、哲学、数学、医学、文学に関わりました。話し合い、学び、芸術が後の世界へ広がる出発点になりました。","🏛️","図鑑"
"ペリクレス","ペリクレス","古代の大国の時代","古代ギリシャ","政治と学問を広げた人","ペリクレスは古代ギリシャで都市国家の政治、哲学、数学、医学、文学に関わりました。話し合い、学び、芸術が後の世界へ広がる出発点になりました。","🏛️","図鑑"
"レオニダス","レオニダス","古代の大国の時代","古代ギリシャ","政治と学問を広げた人","レオニダスは古代ギリシャで都市国家の政治、哲学、数学、医学、文学に関わりました。話し合い、学び、芸術が後の世界へ広がる出発点になりました。","🏛️","図鑑"
"テミストクレス","テミストクレス","古代の大国の時代","古代ギリシャ","政治と学問を広げた人","テミストクレスは古代ギリシャで都市国家の政治、哲学、数学、医学、文学に関わりました。話し合い、学び、芸術が後の世界へ広がる出発点になりました。","🏛️","図鑑"
"ミルティアデス","ミルティアデス","古代の大国の時代","古代ギリシャ","政治と学問を広げた人","ミルティアデスは古代ギリシャで都市国家の政治、哲学、数学、医学、文学に関わりました。話し合い、学び、芸術が後の世界へ広がる出発点になりました。","🏛️","図鑑"
"アルキビアデス","アルキビアデス","古代の大国の時代","古代ギリシャ","政治と学問を広げた人","アルキビアデスは古代ギリシャで都市国家の政治、哲学、数学、医学、文学に関わりました。話し合い、学び、芸術が後の世界へ広がる出発点になりました。","🏛️","図鑑"
"ソクラテス","ソクラテス","古代の大国の時代","古代ギリシャ","政治と学問を広げた人","ソクラテスは古代ギリシャで都市国家の政治、哲学、数学、医学、文学に関わりました。話し合い、学び、芸術が後の世界へ広がる出発点になりました。","🏛️","図鑑"
"プラトン","プラトン","古代の大国の時代","古代ギリシャ","政治と学問を広げた人","プラトンは古代ギリシャで都市国家の政治、哲学、数学、医学、文学に関わりました。話し合い、学び、芸術が後の世界へ広がる出発点になりました。","🏛️","図鑑"
"アリストテレス","アリストテレス","古代の大国の時代","古代ギリシャ","政治と学問を広げた人","アリストテレスは古代ギリシャで都市国家の政治、哲学、数学、医学、文学に関わりました。話し合い、学び、芸術が後の世界へ広がる出発点になりました。","🏛️","図鑑"
"ピタゴラス","ピタゴラス","古代の大国の時代","古代ギリシャ","政治と学問を広げた人","ピタゴラスは古代ギリシャで都市国家の政治、哲学、数学、医学、文学に関わりました。話し合い、学び、芸術が後の世界へ広がる出発点になりました。","🏛️","図鑑"
"ヘロドトス","ヘロドトス","古代の大国の時代","古代ギリシャ","政治と学問を広げた人","ヘロドトスは古代ギリシャで都市国家の政治、哲学、数学、医学、文学に関わりました。話し合い、学び、芸術が後の世界へ広がる出発点になりました。","🏛️","図鑑"
"トゥキディデス","トゥキディデス","古代の大国の時代","古代ギリシャ","政治と学問を広げた人","トゥキディデスは古代ギリシャで都市国家の政治、哲学、数学、医学、文学に関わりました。話し合い、学び、芸術が後の世界へ広がる出発点になりました。","🏛️","図鑑"
"ヒポクラテス","ヒポクラテス","古代の大国の時代","古代ギリシャ","政治と学問を広げた人","ヒポクラテスは古代ギリシャで都市国家の政治、哲学、数学、医学、文学に関わりました。話し合い、学び、芸術が後の世界へ広がる出発点になりました。","🏛️","図鑑"
"ユークリッド","ユークリッド","古代の大国の時代","古代ギリシャ","政治と学問を広げた人","ユークリッドは古代ギリシャで都市国家の政治、哲学、数学、医学、文学に関わりました。話し合い、学び、芸術が後の世界へ広がる出発点になりました。","🏛️","図鑑"
"アルキメデス","アルキメデス","古代の大国の時代","古代ギリシャ","政治と学問を広げた人","アルキメデスは古代ギリシャで都市国家の政治、哲学、数学、医学、文学に関わりました。話し合い、学び、芸術が後の世界へ広がる出発点になりました。","🏛️","図鑑"
"エラトステネス","エラトステネス","古代の大国の時代","古代ギリシャ","政治と学問を広げた人","エラトステネスは古代ギリシャで都市国家の政治、哲学、数学、医学、文学に関わりました。話し合い、学び、芸術が後の世界へ広がる出発点になりました。","🏛️","図鑑"
"アリスタルコス","アリスタルコス","古代の大国の時代","古代ギリシャ","政治と学問を広げた人","アリスタルコスは古代ギリシャで都市国家の政治、哲学、数学、医学、文学に関わりました。話し合い、学び、芸術が後の世界へ広がる出発点になりました。","🏛️","図鑑"
"サッフォー","サッフォー","古代の大国の時代","古代ギリシャ","政治と学問を広げた人","サッフォーは古代ギリシャで都市国家の政治、哲学、数学、医学、文学に関わりました。話し合い、学び、芸術が後の世界へ広がる出発点になりました。","🏛️","図鑑"
"アイスキュロス","アイスキュロス","古代の大国の時代","古代ギリシャ","政治と学問を広げた人","アイスキュロスは古代ギリシャで都市国家の政治、哲学、数学、医学、文学に関わりました。話し合い、学び、芸術が後の世界へ広がる出発点になりました。","🏛️","図鑑"
"ソフォクレス","ソフォクレス","古代の大国の時代","古代ギリシャ","政治と学問を広げた人","ソフォクレスは古代ギリシャで都市国家の政治、哲学、数学、医学、文学に関わりました。話し合い、学び、芸術が後の世界へ広がる出発点になりました。","🏛️","カタログのみ"
"エウリピデス","エウリピデス","古代の大国の時代","古代ギリシャ","政治と学問を広げた人","エウリピデスは古代ギリシャで都市国家の政治、哲学、数学、医学、文学に関わりました。話し合い、学び、芸術が後の世界へ広がる出発点になりました。","🏛️","カタログのみ"
"アリストファネス","アリストファネス","古代の大国の時代","古代ギリシャ","政治と学問を広げた人","アリストファネスは古代ギリシャで都市国家の政治、哲学、数学、医学、文学に関わりました。話し合い、学び、芸術が後の世界へ広がる出発点になりました。","🏛️","カタログのみ"
"フィディアス","フィディアス","古代の大国の時代","古代ギリシャ","政治と学問を広げた人","フィディアスは古代ギリシャで都市国家の政治、哲学、数学、医学、文学に関わりました。話し合い、学び、芸術が後の世界へ広がる出発点になりました。","🏛️","カタログのみ"
"プトレマイオス","プトレマイオス","古代の大国の時代","古代ギリシャ","政治と学問を広げた人","プトレマイオスは古代ギリシャで都市国家の政治、哲学、数学、医学、文学に関わりました。話し合い、学び、芸術が後の世界へ広がる出発点になりました。","🏛️","カタログのみ"
"スキピオ・アフリカヌス","スキピオ・アフリカヌス","古代の大国の時代","ローマと地中海","法律と帝国を形づくった人","スキピオ・アフリカヌスはローマと地中海で共和政、帝政、法律、道路、都市文化に関わりました。広い地域を治める制度と、その負担の両方を考える人物です。","🏛️","図鑑"
"カトー","カトー","古代の大国の時代","ローマと地中海","法律と帝国を形づくった人","カトーはローマと地中海で共和政、帝政、法律、道路、都市文化に関わりました。広い地域を治める制度と、その負担の両方を考える人物です。","🏛️","図鑑"
"ティベリウス・グラックス","ティベリウス・グラックス","古代の大国の時代","ローマと地中海","法律と帝国を形づくった人","ティベリウス・グラックスはローマと地中海で共和政、帝政、法律、道路、都市文化に関わりました。広い地域を治める制度と、その負担の両方を考える人物です。","🏛️","図鑑"
"マリウス","マリウス","古代の大国の時代","ローマと地中海","法律と帝国を形づくった人","マリウスはローマと地中海で共和政、帝政、法律、道路、都市文化に関わりました。広い地域を治める制度と、その負担の両方を考える人物です。","🏛️","図鑑"
"スラ","スラ","古代の大国の時代","ローマと地中海","法律と帝国を形づくった人","スラはローマと地中海で共和政、帝政、法律、道路、都市文化に関わりました。広い地域を治める制度と、その負担の両方を考える人物です。","🏛️","図鑑"
"ポンペイウス","ポンペイウス","古代の大国の時代","ローマと地中海","法律と帝国を形づくった人","ポンペイウスはローマと地中海で共和政、帝政、法律、道路、都市文化に関わりました。広い地域を治める制度と、その負担の両方を考える人物です。","🏛️","図鑑"
"クラッスス","クラッスス","古代の大国の時代","ローマと地中海","法律と帝国を形づくった人","クラッススはローマと地中海で共和政、帝政、法律、道路、都市文化に関わりました。広い地域を治める制度と、その負担の両方を考える人物です。","🏛️","図鑑"
"キケロ","キケロ","古代の大国の時代","ローマと地中海","法律と帝国を形づくった人","キケロはローマと地中海で共和政、帝政、法律、道路、都市文化に関わりました。広い地域を治める制度と、その負担の両方を考える人物です。","🏛️","図鑑"
"ブルートゥス","ブルートゥス","古代の大国の時代","ローマと地中海","法律と帝国を形づくった人","ブルートゥスはローマと地中海で共和政、帝政、法律、道路、都市文化に関わりました。広い地域を治める制度と、その負担の両方を考える人物です。","🏛️","図鑑"
"アウグストゥス","アウグストゥス","古代の大国の時代","ローマと地中海","法律と帝国を形づくった人","アウグストゥスはローマと地中海で共和政、帝政、法律、道路、都市文化に関わりました。広い地域を治める制度と、その負担の両方を考える人物です。","🏛️","図鑑"
"リウィア","リウィア","古代の大国の時代","ローマと地中海","法律と帝国を形づくった人","リウィアはローマと地中海で共和政、帝政、法律、道路、都市文化に関わりました。広い地域を治める制度と、その負担の両方を考える人物です。","🏛️","図鑑"
"ティベリウス","ティベリウス","古代の大国の時代","ローマと地中海","法律と帝国を形づくった人","ティベリウスはローマと地中海で共和政、帝政、法律、道路、都市文化に関わりました。広い地域を治める制度と、その負担の両方を考える人物です。","🏛️","図鑑"
"クラウディウス","クラウディウス","古代の大国の時代","ローマと地中海","法律と帝国を形づくった人","クラウディウスはローマと地中海で共和政、帝政、法律、道路、都市文化に関わりました。広い地域を治める制度と、その負担の両方を考える人物です。","🏛️","図鑑"
"ネロ","ネロ","古代の大国の時代","ローマと地中海","法律と帝国を形づくった人","ネロはローマと地中海で共和政、帝政、法律、道路、都市文化に関わりました。広い地域を治める制度と、その負担の両方を考える人物です。","🏛️","図鑑"
"ウェスパシアヌス","ウェスパシアヌス","古代の大国の時代","ローマと地中海","法律と帝国を形づくった人","ウェスパシアヌスはローマと地中海で共和政、帝政、法律、道路、都市文化に関わりました。広い地域を治める制度と、その負担の両方を考える人物です。","🏛️","図鑑"
"ティトゥス","ティトゥス","古代の大国の時代","ローマと地中海","法律と帝国を形づくった人","ティトゥスはローマと地中海で共和政、帝政、法律、道路、都市文化に関わりました。広い地域を治める制度と、その負担の両方を考える人物です。","🏛️","図鑑"
"トラヤヌス","トラヤヌス","古代の大国の時代","ローマと地中海","法律と帝国を形づくった人","トラヤヌスはローマと地中海で共和政、帝政、法律、道路、都市文化に関わりました。広い地域を治める制度と、その負担の両方を考える人物です。","🏛️","図鑑"
"ハドリアヌス","ハドリアヌス","古代の大国の時代","ローマと地中海","法律と帝国を形づくった人","ハドリアヌスはローマと地中海で共和政、帝政、法律、道路、都市文化に関わりました。広い地域を治める制度と、その負担の両方を考える人物です。","🏛️","図鑑"
"マルクス・アウレリウス","マルクス・アウレリウス","古代の大国の時代","ローマと地中海","法律と帝国を形づくった人","マルクス・アウレリウスはローマと地中海で共和政、帝政、法律、道路、都市文化に関わりました。広い地域を治める制度と、その負担の両方を考える人物です。","🏛️","図鑑"
"コンモドゥス","コンモドゥス","古代の大国の時代","ローマと地中海","法律と帝国を形づくった人","コンモドゥスはローマと地中海で共和政、帝政、法律、道路、都市文化に関わりました。広い地域を治める制度と、その負担の両方を考える人物です。","🏛️","図鑑"
"セプティミウス・セウェルス","セプティミウス・セウェルス","古代の大国の時代","ローマと地中海","法律と帝国を形づくった人","セプティミウス・セウェルスはローマと地中海で共和政、帝政、法律、道路、都市文化に関わりました。広い地域を治める制度と、その負担の両方を考える人物です。","🏛️","カタログのみ"
"カラカラ","カラカラ","古代の大国の時代","ローマと地中海","法律と帝国を形づくった人","カラカラはローマと地中海で共和政、帝政、法律、道路、都市文化に関わりました。広い地域を治める制度と、その負担の両方を考える人物です。","🏛️","カタログのみ"
"ディオクレティアヌス","ディオクレティアヌス","古代の大国の時代","ローマと地中海","法律と帝国を形づくった人","ディオクレティアヌスはローマと地中海で共和政、帝政、法律、道路、都市文化に関わりました。広い地域を治める制度と、その負担の両方を考える人物です。","🏛️","カタログのみ"
"コンスタンティヌス","コンスタンティヌス","古代の大国の時代","ローマと地中海","法律と帝国を形づくった人","コンスタンティヌスはローマと地中海で共和政、帝政、法律、道路、都市文化に関わりました。広い地域を治める制度と、その負担の両方を考える人物です。","🏛️","カタログのみ"
"ユリアヌス","ユリアヌス","古代の大国の時代","ローマと地中海","法律と帝国を形づくった人","ユリアヌスはローマと地中海で共和政、帝政、法律、道路、都市文化に関わりました。広い地域を治める制度と、その負担の両方を考える人物です。","🏛️","カタログのみ"
"テオドシウス","テオドシウス","古代の大国の時代","ローマと地中海","法律と帝国を形づくった人","テオドシウスはローマと地中海で共和政、帝政、法律、道路、都市文化に関わりました。広い地域を治める制度と、その負担の両方を考える人物です。","🏛️","カタログのみ"
"スパルタクス","スパルタクス","古代の大国の時代","ローマと地中海","法律と帝国を形づくった人","スパルタクスはローマと地中海で共和政、帝政、法律、道路、都市文化に関わりました。広い地域を治める制度と、その負担の両方を考える人物です。","🏛️","カタログのみ"
"ウェルギリウス","ウェルギリウス","古代の大国の時代","ローマと地中海","法律と帝国を形づくった人","ウェルギリウスはローマと地中海で共和政、帝政、法律、道路、都市文化に関わりました。広い地域を治める制度と、その負担の両方を考える人物です。","🏛️","カタログのみ"
"オウィディウス","オウィディウス","古代の大国の時代","ローマと地中海","法律と帝国を形づくった人","オウィディウスはローマと地中海で共和政、帝政、法律、道路、都市文化に関わりました。広い地域を治める制度と、その負担の両方を考える人物です。","🏛️","カタログのみ"
"セネカ","セネカ","古代の大国の時代","ローマと地中海","法律と帝国を形づくった人","セネカはローマと地中海で共和政、帝政、法律、道路、都市文化に関わりました。広い地域を治める制度と、その負担の両方を考える人物です。","🏛️","カタログのみ"
"タキトゥス","タキトゥス","古代の大国の時代","ローマと地中海","法律と帝国を形づくった人","タキトゥスはローマと地中海で共和政、帝政、法律、道路、都市文化に関わりました。広い地域を治める制度と、その負担の両方を考える人物です。","🏛️","カタログのみ"
"プリニウス","プリニウス","古代の大国の時代","ローマと地中海","法律と帝国を形づくった人","プリニウスはローマと地中海で共和政、帝政、法律、道路、都市文化に関わりました。広い地域を治める制度と、その負担の両方を考える人物です。","🏛️","カタログのみ"
"キュロス2世","キュロス2世","古代の大国の時代","ペルシャ・インド・中国","広い国をまとめた人","キュロス2世はペルシャ・インド・中国で王朝、官僚、思想、宗教、交易に関わりました。広い土地を治める政治と、多様な人々を結ぶしくみを示します。","👑","図鑑"
"ダレイオス1世","ダレイオス1世","古代の大国の時代","ペルシャ・インド・中国","広い国をまとめた人","ダレイオス1世はペルシャ・インド・中国で王朝、官僚、思想、宗教、交易に関わりました。広い土地を治める政治と、多様な人々を結ぶしくみを示します。","👑","図鑑"
"クセルクセス1世","クセルクセス1世","古代の大国の時代","ペルシャ・インド・中国","広い国をまとめた人","クセルクセス1世はペルシャ・インド・中国で王朝、官僚、思想、宗教、交易に関わりました。広い土地を治める政治と、多様な人々を結ぶしくみを示します。","👑","図鑑"
"アルタクセルクセス1世","アルタクセルクセス1世","古代の大国の時代","ペルシャ・インド・中国","広い国をまとめた人","アルタクセルクセス1世はペルシャ・インド・中国で王朝、官僚、思想、宗教、交易に関わりました。広い土地を治める政治と、多様な人々を結ぶしくみを示します。","👑","図鑑"
"ゾロアスター","ゾロアスター","古代の大国の時代","ペルシャ・インド・中国","広い国をまとめた人","ゾロアスターはペルシャ・インド・中国で王朝、官僚、思想、宗教、交易に関わりました。広い土地を治める政治と、多様な人々を結ぶしくみを示します。","👑","図鑑"
"チャンドラグプタ","チャンドラグプタ","古代の大国の時代","ペルシャ・インド・中国","広い国をまとめた人","チャンドラグプタはペルシャ・インド・中国で王朝、官僚、思想、宗教、交易に関わりました。広い土地を治める政治と、多様な人々を結ぶしくみを示します。","👑","図鑑"
"カウティリヤ","カウティリヤ","古代の大国の時代","ペルシャ・インド・中国","広い国をまとめた人","カウティリヤはペルシャ・インド・中国で王朝、官僚、思想、宗教、交易に関わりました。広い土地を治める政治と、多様な人々を結ぶしくみを示します。","👑","図鑑"
"カニシカ王","カニシカ王","古代の大国の時代","ペルシャ・インド・中国","広い国をまとめた人","カニシカ王はペルシャ・インド・中国で王朝、官僚、思想、宗教、交易に関わりました。広い土地を治める政治と、多様な人々を結ぶしくみを示します。","👑","図鑑"
"チャンドラグプタ2世","チャンドラグプタ2世","古代の大国の時代","ペルシャ・インド・中国","広い国をまとめた人","チャンドラグプタ2世はペルシャ・インド・中国で王朝、官僚、思想、宗教、交易に関わりました。広い土地を治める政治と、多様な人々を結ぶしくみを示します。","👑","図鑑"
"カーリダーサ","カーリダーサ","古代の大国の時代","ペルシャ・インド・中国","広い国をまとめた人","カーリダーサはペルシャ・インド・中国で王朝、官僚、思想、宗教、交易に関わりました。広い土地を治める政治と、多様な人々を結ぶしくみを示します。","👑","図鑑"
"パーニニ","パーニニ","古代の大国の時代","ペルシャ・インド・中国","広い国をまとめた人","パーニニはペルシャ・インド・中国で王朝、官僚、思想、宗教、交易に関わりました。広い土地を治める政治と、多様な人々を結ぶしくみを示します。","👑","図鑑"
"荘子","荘子","古代の大国の時代","ペルシャ・インド・中国","広い国をまとめた人","荘子はペルシャ・インド・中国で王朝、官僚、思想、宗教、交易に関わりました。広い土地を治める政治と、多様な人々を結ぶしくみを示します。","👑","図鑑"
"老子","老子","古代の大国の時代","ペルシャ・インド・中国","広い国をまとめた人","老子はペルシャ・インド・中国で王朝、官僚、思想、宗教、交易に関わりました。広い土地を治める政治と、多様な人々を結ぶしくみを示します。","👑","図鑑"
"孟子","孟子","古代の大国の時代","ペルシャ・インド・中国","広い国をまとめた人","孟子はペルシャ・インド・中国で王朝、官僚、思想、宗教、交易に関わりました。広い土地を治める政治と、多様な人々を結ぶしくみを示します。","👑","図鑑"
"荀子","荀子","古代の大国の時代","ペルシャ・インド・中国","広い国をまとめた人","荀子はペルシャ・インド・中国で王朝、官僚、思想、宗教、交易に関わりました。広い土地を治める政治と、多様な人々を結ぶしくみを示します。","👑","図鑑"
"韓非","韓非","古代の大国の時代","ペルシャ・インド・中国","広い国をまとめた人","韓非はペルシャ・インド・中国で王朝、官僚、思想、宗教、交易に関わりました。広い土地を治める政治と、多様な人々を結ぶしくみを示します。","👑","図鑑"
"李斯","李斯","古代の大国の時代","ペルシャ・インド・中国","広い国をまとめた人","李斯はペルシャ・インド・中国で王朝、官僚、思想、宗教、交易に関わりました。広い土地を治める政治と、多様な人々を結ぶしくみを示します。","👑","図鑑"
"項羽","項羽","古代の大国の時代","ペルシャ・インド・中国","広い国をまとめた人","項羽はペルシャ・インド・中国で王朝、官僚、思想、宗教、交易に関わりました。広い土地を治める政治と、多様な人々を結ぶしくみを示します。","👑","図鑑"
"劉邦","劉邦","古代の大国の時代","ペルシャ・インド・中国","広い国をまとめた人","劉邦はペルシャ・インド・中国で王朝、官僚、思想、宗教、交易に関わりました。広い土地を治める政治と、多様な人々を結ぶしくみを示します。","👑","図鑑"
"呂后","呂后","古代の大国の時代","ペルシャ・インド・中国","広い国をまとめた人","呂后はペルシャ・インド・中国で王朝、官僚、思想、宗教、交易に関わりました。広い土地を治める政治と、多様な人々を結ぶしくみを示します。","👑","図鑑"
"武帝","武帝","古代の大国の時代","ペルシャ・インド・中国","広い国をまとめた人","武帝はペルシャ・インド・中国で王朝、官僚、思想、宗教、交易に関わりました。広い土地を治める政治と、多様な人々を結ぶしくみを示します。","👑","カタログのみ"
"司馬遷","司馬遷","古代の大国の時代","ペルシャ・インド・中国","広い国をまとめた人","司馬遷はペルシャ・インド・中国で王朝、官僚、思想、宗教、交易に関わりました。広い土地を治める政治と、多様な人々を結ぶしくみを示します。","👑","カタログのみ"
"張騫","張騫","古代の大国の時代","ペルシャ・インド・中国","広い国をまとめた人","張騫はペルシャ・インド・中国で王朝、官僚、思想、宗教、交易に関わりました。広い土地を治める政治と、多様な人々を結ぶしくみを示します。","👑","カタログのみ"
"王莽","王莽","古代の大国の時代","ペルシャ・インド・中国","広い国をまとめた人","王莽はペルシャ・インド・中国で王朝、官僚、思想、宗教、交易に関わりました。広い土地を治める政治と、多様な人々を結ぶしくみを示します。","👑","カタログのみ"
"班固","班固","古代の大国の時代","ペルシャ・インド・中国","広い国をまとめた人","班固はペルシャ・インド・中国で王朝、官僚、思想、宗教、交易に関わりました。広い土地を治める政治と、多様な人々を結ぶしくみを示します。","👑","カタログのみ"
"班昭","班昭","古代の大国の時代","ペルシャ・インド・中国","広い国をまとめた人","班昭はペルシャ・インド・中国で王朝、官僚、思想、宗教、交易に関わりました。広い土地を治める政治と、多様な人々を結ぶしくみを示します。","👑","カタログのみ"
"張衡","張衡","古代の大国の時代","ペルシャ・インド・中国","広い国をまとめた人","張衡はペルシャ・インド・中国で王朝、官僚、思想、宗教、交易に関わりました。広い土地を治める政治と、多様な人々を結ぶしくみを示します。","👑","カタログのみ"
"蔡倫","蔡倫","古代の大国の時代","ペルシャ・インド・中国","広い国をまとめた人","蔡倫はペルシャ・インド・中国で王朝、官僚、思想、宗教、交易に関わりました。広い土地を治める政治と、多様な人々を結ぶしくみを示します。","👑","カタログのみ"
"華佗","華佗","古代の大国の時代","ペルシャ・インド・中国","広い国をまとめた人","華佗はペルシャ・インド・中国で王朝、官僚、思想、宗教、交易に関わりました。広い土地を治める政治と、多様な人々を結ぶしくみを示します。","👑","カタログのみ"
"曹操","曹操","古代の大国の時代","ペルシャ・インド・中国","広い国をまとめた人","曹操はペルシャ・インド・中国で王朝、官僚、思想、宗教、交易に関わりました。広い土地を治める政治と、多様な人々を結ぶしくみを示します。","👑","カタログのみ"
"劉備","劉備","古代の大国の時代","ペルシャ・インド・中国","広い国をまとめた人","劉備はペルシャ・インド・中国で王朝、官僚、思想、宗教、交易に関わりました。広い土地を治める政治と、多様な人々を結ぶしくみを示します。","👑","カタログのみ"
"諸葛亮","諸葛亮","古代の大国の時代","ペルシャ・インド・中国","広い国をまとめた人","諸葛亮はペルシャ・インド・中国で王朝、官僚、思想、宗教、交易に関わりました。広い土地を治める政治と、多様な人々を結ぶしくみを示します。","👑","カタログのみ"
"卑弥呼","卑弥呼","古代の大国の時代","ペルシャ・インド・中国","広い国をまとめた人","卑弥呼はペルシャ・インド・中国で王朝、官僚、思想、宗教、交易に関わりました。広い土地を治める政治と、多様な人々を結ぶしくみを示します。","👑","カタログのみ"
"パウロ","パウロ","宗教と文化が広がった時代","ユーラシアとアフリカ","信仰と学問を伝えた人","パウロはユーラシアとアフリカで宗教、翻訳、神学、修道院、寺院、学びの場に関わりました。信仰が文化や社会の支えにも支配の力にもなったことを示します。","🕊️","図鑑"
"ペテロ","ペテロ","宗教と文化が広がった時代","ユーラシアとアフリカ","信仰と学問を伝えた人","ペテロはユーラシアとアフリカで宗教、翻訳、神学、修道院、寺院、学びの場に関わりました。信仰が文化や社会の支えにも支配の力にもなったことを示します。","🕊️","図鑑"
"アウグスティヌス","アウグスティヌス","宗教と文化が広がった時代","ユーラシアとアフリカ","信仰と学問を伝えた人","アウグスティヌスはユーラシアとアフリカで宗教、翻訳、神学、修道院、寺院、学びの場に関わりました。信仰が文化や社会の支えにも支配の力にもなったことを示します。","🕊️","図鑑"
"ヒエロニムス","ヒエロニムス","宗教と文化が広がった時代","ユーラシアとアフリカ","信仰と学問を伝えた人","ヒエロニムスはユーラシアとアフリカで宗教、翻訳、神学、修道院、寺院、学びの場に関わりました。信仰が文化や社会の支えにも支配の力にもなったことを示します。","🕊️","図鑑"
"アタナシウス","アタナシウス","宗教と文化が広がった時代","ユーラシアとアフリカ","信仰と学問を伝えた人","アタナシウスはユーラシアとアフリカで宗教、翻訳、神学、修道院、寺院、学びの場に関わりました。信仰が文化や社会の支えにも支配の力にもなったことを示します。","🕊️","図鑑"
"アリウス","アリウス","宗教と文化が広がった時代","ユーラシアとアフリカ","信仰と学問を伝えた人","アリウスはユーラシアとアフリカで宗教、翻訳、神学、修道院、寺院、学びの場に関わりました。信仰が文化や社会の支えにも支配の力にもなったことを示します。","🕊️","図鑑"
"ベネディクトゥス","ベネディクトゥス","宗教と文化が広がった時代","ユーラシアとアフリカ","信仰と学問を伝えた人","ベネディクトゥスはユーラシアとアフリカで宗教、翻訳、神学、修道院、寺院、学びの場に関わりました。信仰が文化や社会の支えにも支配の力にもなったことを示します。","🕊️","図鑑"
"グレゴリウス1世","グレゴリウス1世","宗教と文化が広がった時代","ユーラシアとアフリカ","信仰と学問を伝えた人","グレゴリウス1世はユーラシアとアフリカで宗教、翻訳、神学、修道院、寺院、学びの場に関わりました。信仰が文化や社会の支えにも支配の力にもなったことを示します。","🕊️","図鑑"
"キュリロス","キュリロス","宗教と文化が広がった時代","ユーラシアとアフリカ","信仰と学問を伝えた人","キュリロスはユーラシアとアフリカで宗教、翻訳、神学、修道院、寺院、学びの場に関わりました。信仰が文化や社会の支えにも支配の力にもなったことを示します。","🕊️","図鑑"
"メトディオス","メトディオス","宗教と文化が広がった時代","ユーラシアとアフリカ","信仰と学問を伝えた人","メトディオスはユーラシアとアフリカで宗教、翻訳、神学、修道院、寺院、学びの場に関わりました。信仰が文化や社会の支えにも支配の力にもなったことを示します。","🕊️","図鑑"
"ナーガールジュナ","ナーガールジュナ","宗教と文化が広がった時代","ユーラシアとアフリカ","信仰と学問を伝えた人","ナーガールジュナはユーラシアとアフリカで宗教、翻訳、神学、修道院、寺院、学びの場に関わりました。信仰が文化や社会の支えにも支配の力にもなったことを示します。","🕊️","図鑑"
"アサンガ","アサンガ","宗教と文化が広がった時代","ユーラシアとアフリカ","信仰と学問を伝えた人","アサンガはユーラシアとアフリカで宗教、翻訳、神学、修道院、寺院、学びの場に関わりました。信仰が文化や社会の支えにも支配の力にもなったことを示します。","🕊️","図鑑"
"ヴァスバンドゥ","ヴァスバンドゥ","宗教と文化が広がった時代","ユーラシアとアフリカ","信仰と学問を伝えた人","ヴァスバンドゥはユーラシアとアフリカで宗教、翻訳、神学、修道院、寺院、学びの場に関わりました。信仰が文化や社会の支えにも支配の力にもなったことを示します。","🕊️","図鑑"
"鳩摩羅什","鳩摩羅什","宗教と文化が広がった時代","ユーラシアとアフリカ","信仰と学問を伝えた人","鳩摩羅什はユーラシアとアフリカで宗教、翻訳、神学、修道院、寺院、学びの場に関わりました。信仰が文化や社会の支えにも支配の力にもなったことを示します。","🕊️","図鑑"
"達磨","達磨","宗教と文化が広がった時代","ユーラシアとアフリカ","信仰と学問を伝えた人","達磨はユーラシアとアフリカで宗教、翻訳、神学、修道院、寺院、学びの場に関わりました。信仰が文化や社会の支えにも支配の力にもなったことを示します。","🕊️","図鑑"
"慧遠","慧遠","宗教と文化が広がった時代","ユーラシアとアフリカ","信仰と学問を伝えた人","慧遠はユーラシアとアフリカで宗教、翻訳、神学、修道院、寺院、学びの場に関わりました。信仰が文化や社会の支えにも支配の力にもなったことを示します。","🕊️","図鑑"
"法顕","法顕","宗教と文化が広がった時代","ユーラシアとアフリカ","信仰と学問を伝えた人","法顕はユーラシアとアフリカで宗教、翻訳、神学、修道院、寺院、学びの場に関わりました。信仰が文化や社会の支えにも支配の力にもなったことを示します。","🕊️","図鑑"
"義浄","義浄","宗教と文化が広がった時代","ユーラシアとアフリカ","信仰と学問を伝えた人","義浄はユーラシアとアフリカで宗教、翻訳、神学、修道院、寺院、学びの場に関わりました。信仰が文化や社会の支えにも支配の力にもなったことを示します。","🕊️","図鑑"
"空海","空海","宗教と文化が広がった時代","ユーラシアとアフリカ","信仰と学問を伝えた人","空海はユーラシアとアフリカで宗教、翻訳、神学、修道院、寺院、学びの場に関わりました。信仰が文化や社会の支えにも支配の力にもなったことを示します。","🕊️","図鑑"
"最澄","最澄","宗教と文化が広がった時代","ユーラシアとアフリカ","信仰と学問を伝えた人","最澄はユーラシアとアフリカで宗教、翻訳、神学、修道院、寺院、学びの場に関わりました。信仰が文化や社会の支えにも支配の力にもなったことを示します。","🕊️","図鑑"
"鑑真","鑑真","宗教と文化が広がった時代","ユーラシアとアフリカ","信仰と学問を伝えた人","鑑真はユーラシアとアフリカで宗教、翻訳、神学、修道院、寺院、学びの場に関わりました。信仰が文化や社会の支えにも支配の力にもなったことを示します。","🕊️","カタログのみ"
"聖徳太子","聖徳太子","宗教と文化が広がった時代","ユーラシアとアフリカ","信仰と学問を伝えた人","聖徳太子はユーラシアとアフリカで宗教、翻訳、神学、修道院、寺院、学びの場に関わりました。信仰が文化や社会の支えにも支配の力にもなったことを示します。","🕊️","カタログのみ"
"推古天皇","推古天皇","宗教と文化が広がった時代","ユーラシアとアフリカ","信仰と学問を伝えた人","推古天皇はユーラシアとアフリカで宗教、翻訳、神学、修道院、寺院、学びの場に関わりました。信仰が文化や社会の支えにも支配の力にもなったことを示します。","🕊️","カタログのみ"
"アル・フワーリズミー","アル・フワーリズミー","宗教と文化が広がった時代","ユーラシアとアフリカ","信仰と学問を伝えた人","アル・フワーリズミーはユーラシアとアフリカで宗教、翻訳、神学、修道院、寺院、学びの場に関わりました。信仰が文化や社会の支えにも支配の力にもなったことを示します。","🕊️","カタログのみ"
"アル・キンディー","アル・キンディー","宗教と文化が広がった時代","ユーラシアとアフリカ","信仰と学問を伝えた人","アル・キンディーはユーラシアとアフリカで宗教、翻訳、神学、修道院、寺院、学びの場に関わりました。信仰が文化や社会の支えにも支配の力にもなったことを示します。","🕊️","カタログのみ"
"アル・ラーズィー","アル・ラーズィー","宗教と文化が広がった時代","ユーラシアとアフリカ","信仰と学問を伝えた人","アル・ラーズィーはユーラシアとアフリカで宗教、翻訳、神学、修道院、寺院、学びの場に関わりました。信仰が文化や社会の支えにも支配の力にもなったことを示します。","🕊️","カタログのみ"
"アル・ファーラービー","アル・ファーラービー","宗教と文化が広がった時代","ユーラシアとアフリカ","信仰と学問を伝えた人","アル・ファーラービーはユーラシアとアフリカで宗教、翻訳、神学、修道院、寺院、学びの場に関わりました。信仰が文化や社会の支えにも支配の力にもなったことを示します。","🕊️","カタログのみ"
"イブン・シーナー","イブン・シーナー","宗教と文化が広がった時代","ユーラシアとアフリカ","信仰と学問を伝えた人","イブン・シーナーはユーラシアとアフリカで宗教、翻訳、神学、修道院、寺院、学びの場に関わりました。信仰が文化や社会の支えにも支配の力にもなったことを示します。","🕊️","カタログのみ"
"イブン・ルシュド","イブン・ルシュド","宗教と文化が広がった時代","ユーラシアとアフリカ","信仰と学問を伝えた人","イブン・ルシュドはユーラシアとアフリカで宗教、翻訳、神学、修道院、寺院、学びの場に関わりました。信仰が文化や社会の支えにも支配の力にもなったことを示します。","🕊️","カタログのみ"
"アル・ビールーニー","アル・ビールーニー","宗教と文化が広がった時代","ユーラシアとアフリカ","信仰と学問を伝えた人","アル・ビールーニーはユーラシアとアフリカで宗教、翻訳、神学、修道院、寺院、学びの場に関わりました。信仰が文化や社会の支えにも支配の力にもなったことを示します。","🕊️","カタログのみ"
"ファーティマ・アル・フィフリーヤ","ファーティマ・アル・フィフリーヤ","宗教と文化が広がった時代","ユーラシアとアフリカ","信仰と学問を伝えた人","ファーティマ・アル・フィフリーヤはユーラシアとアフリカで宗教、翻訳、神学、修道院、寺院、学びの場に関わりました。信仰が文化や社会の支えにも支配の力にもなったことを示します。","🕊️","カタログのみ"
"ラービア・アルアダウィーヤ","ラービア・アルアダウィーヤ","宗教と文化が広がった時代","ユーラシアとアフリカ","信仰と学問を伝えた人","ラービア・アルアダウィーヤはユーラシアとアフリカで宗教、翻訳、神学、修道院、寺院、学びの場に関わりました。信仰が文化や社会の支えにも支配の力にもなったことを示します。","🕊️","カタログのみ"
"バスラのハサン","バスラのハサン","宗教と文化が広がった時代","ユーラシアとアフリカ","信仰と学問を伝えた人","バスラのハサンはユーラシアとアフリカで宗教、翻訳、神学、修道院、寺院、学びの場に関わりました。信仰が文化や社会の支えにも支配の力にもなったことを示します。","🕊️","カタログのみ"
"アリー","アリー","宗教と文化が広がった時代","ユーラシアとアフリカ","信仰と学問を伝えた人","アリーはユーラシアとアフリカで宗教、翻訳、神学、修道院、寺院、学びの場に関わりました。信仰が文化や社会の支えにも支配の力にもなったことを示します。","🕊️","カタログのみ"
"アーイシャ","アーイシャ","宗教と文化が広がった時代","ユーラシアとアフリカ","信仰と学問を伝えた人","アーイシャはユーラシアとアフリカで宗教、翻訳、神学、修道院、寺院、学びの場に関わりました。信仰が文化や社会の支えにも支配の力にもなったことを示します。","🕊️","カタログのみ"
"ウマル","ウマル","宗教と文化が広がった時代","ユーラシアとアフリカ","信仰と学問を伝えた人","ウマルはユーラシアとアフリカで宗教、翻訳、神学、修道院、寺院、学びの場に関わりました。信仰が文化や社会の支えにも支配の力にもなったことを示します。","🕊️","カタログのみ"
"ウスマーン","ウスマーン","宗教と文化が広がった時代","ユーラシアとアフリカ","信仰と学問を伝えた人","ウスマーンはユーラシアとアフリカで宗教、翻訳、神学、修道院、寺院、学びの場に関わりました。信仰が文化や社会の支えにも支配の力にもなったことを示します。","🕊️","カタログのみ"
"アブー・バクル","アブー・バクル","宗教と文化が広がった時代","ユーラシアとアフリカ","信仰と学問を伝えた人","アブー・バクルはユーラシアとアフリカで宗教、翻訳、神学、修道院、寺院、学びの場に関わりました。信仰が文化や社会の支えにも支配の力にもなったことを示します。","🕊️","カタログのみ"
"ハールーン・アッラシード","ハールーン・アッラシード","宗教と文化が広がった時代","ユーラシアとアフリカ","信仰と学問を伝えた人","ハールーン・アッラシードはユーラシアとアフリカで宗教、翻訳、神学、修道院、寺院、学びの場に関わりました。信仰が文化や社会の支えにも支配の力にもなったことを示します。","🕊️","カタログのみ"
"マアムーン","マアムーン","宗教と文化が広がった時代","ユーラシアとアフリカ","信仰と学問を伝えた人","マアムーンはユーラシアとアフリカで宗教、翻訳、神学、修道院、寺院、学びの場に関わりました。信仰が文化や社会の支えにも支配の力にもなったことを示します。","🕊️","カタログのみ"
"ビラール","ビラール","宗教と文化が広がった時代","ユーラシアとアフリカ","信仰と学問を伝えた人","ビラールはユーラシアとアフリカで宗教、翻訳、神学、修道院、寺院、学びの場に関わりました。信仰が文化や社会の支えにも支配の力にもなったことを示します。","🕊️","カタログのみ"
"バヤジード・バスターミー","バヤジード・バスターミー","宗教と文化が広がった時代","ユーラシアとアフリカ","信仰と学問を伝えた人","バヤジード・バスターミーはユーラシアとアフリカで宗教、翻訳、神学、修道院、寺院、学びの場に関わりました。信仰が文化や社会の支えにも支配の力にもなったことを示します。","🕊️","カタログのみ"
"ルーミー","ルーミー","宗教と文化が広がった時代","ユーラシアとアフリカ","信仰と学問を伝えた人","ルーミーはユーラシアとアフリカで宗教、翻訳、神学、修道院、寺院、学びの場に関わりました。信仰が文化や社会の支えにも支配の力にもなったことを示します。","🕊️","カタログのみ"
"イブン・アラビー","イブン・アラビー","宗教と文化が広がった時代","ユーラシアとアフリカ","信仰と学問を伝えた人","イブン・アラビーはユーラシアとアフリカで宗教、翻訳、神学、修道院、寺院、学びの場に関わりました。信仰が文化や社会の支えにも支配の力にもなったことを示します。","🕊️","カタログのみ"
"トマス・アクィナス","トマス・アクィナス","宗教と文化が広がった時代","ユーラシアとアフリカ","信仰と学問を伝えた人","トマス・アクィナスはユーラシアとアフリカで宗教、翻訳、神学、修道院、寺院、学びの場に関わりました。信仰が文化や社会の支えにも支配の力にもなったことを示します。","🕊️","カタログのみ"
"フランチェスコ","フランチェスコ","宗教と文化が広がった時代","ユーラシアとアフリカ","信仰と学問を伝えた人","フランチェスコはユーラシアとアフリカで宗教、翻訳、神学、修道院、寺院、学びの場に関わりました。信仰が文化や社会の支えにも支配の力にもなったことを示します。","🕊️","カタログのみ"
"ヒルデガルト","ヒルデガルト","宗教と文化が広がった時代","ユーラシアとアフリカ","信仰と学問を伝えた人","ヒルデガルトはユーラシアとアフリカで宗教、翻訳、神学、修道院、寺院、学びの場に関わりました。信仰が文化や社会の支えにも支配の力にもなったことを示します。","🕊️","カタログのみ"
"太宗","太宗","交易と王国の時代","東アジアと中央アジア","交易と王朝を動かした人","太宗は東アジアと中央アジアで王朝政治、草原の交流、紙や印刷、海と陸の交易に関わりました。人と物と考えが広く移動した時代を表します。","🐫","図鑑"
"則天武后","則天武后","交易と王国の時代","東アジアと中央アジア","交易と王朝を動かした人","則天武后は東アジアと中央アジアで王朝政治、草原の交流、紙や印刷、海と陸の交易に関わりました。人と物と考えが広く移動した時代を表します。","🐫","図鑑"
"玄宗","玄宗","交易と王国の時代","東アジアと中央アジア","交易と王朝を動かした人","玄宗は東アジアと中央アジアで王朝政治、草原の交流、紙や印刷、海と陸の交易に関わりました。人と物と考えが広く移動した時代を表します。","🐫","図鑑"
"楊貴妃","楊貴妃","交易と王国の時代","東アジアと中央アジア","交易と王朝を動かした人","楊貴妃は東アジアと中央アジアで王朝政治、草原の交流、紙や印刷、海と陸の交易に関わりました。人と物と考えが広く移動した時代を表します。","🐫","図鑑"
"安禄山","安禄山","交易と王国の時代","東アジアと中央アジア","交易と王朝を動かした人","安禄山は東アジアと中央アジアで王朝政治、草原の交流、紙や印刷、海と陸の交易に関わりました。人と物と考えが広く移動した時代を表します。","🐫","図鑑"
"杜甫","杜甫","交易と王国の時代","東アジアと中央アジア","交易と王朝を動かした人","杜甫は東アジアと中央アジアで王朝政治、草原の交流、紙や印刷、海と陸の交易に関わりました。人と物と考えが広く移動した時代を表します。","🐫","図鑑"
"李白","李白","交易と王国の時代","東アジアと中央アジア","交易と王朝を動かした人","李白は東アジアと中央アジアで王朝政治、草原の交流、紙や印刷、海と陸の交易に関わりました。人と物と考えが広く移動した時代を表します。","🐫","図鑑"
"白居易","白居易","交易と王国の時代","東アジアと中央アジア","交易と王朝を動かした人","白居易は東アジアと中央アジアで王朝政治、草原の交流、紙や印刷、海と陸の交易に関わりました。人と物と考えが広く移動した時代を表します。","🐫","図鑑"
"韓愈","韓愈","交易と王国の時代","東アジアと中央アジア","交易と王朝を動かした人","韓愈は東アジアと中央アジアで王朝政治、草原の交流、紙や印刷、海と陸の交易に関わりました。人と物と考えが広く移動した時代を表します。","🐫","図鑑"
"柳宗元","柳宗元","交易と王国の時代","東アジアと中央アジア","交易と王朝を動かした人","柳宗元は東アジアと中央アジアで王朝政治、草原の交流、紙や印刷、海と陸の交易に関わりました。人と物と考えが広く移動した時代を表します。","🐫","図鑑"
"王安石","王安石","交易と王国の時代","東アジアと中央アジア","交易と王朝を動かした人","王安石は東アジアと中央アジアで王朝政治、草原の交流、紙や印刷、海と陸の交易に関わりました。人と物と考えが広く移動した時代を表します。","🐫","図鑑"
"司馬光","司馬光","交易と王国の時代","東アジアと中央アジア","交易と王朝を動かした人","司馬光は東アジアと中央アジアで王朝政治、草原の交流、紙や印刷、海と陸の交易に関わりました。人と物と考えが広く移動した時代を表します。","🐫","図鑑"
"蘇軾","蘇軾","交易と王国の時代","東アジアと中央アジア","交易と王朝を動かした人","蘇軾は東アジアと中央アジアで王朝政治、草原の交流、紙や印刷、海と陸の交易に関わりました。人と物と考えが広く移動した時代を表します。","🐫","図鑑"
"朱熹","朱熹","交易と王国の時代","東アジアと中央アジア","交易と王朝を動かした人","朱熹は東アジアと中央アジアで王朝政治、草原の交流、紙や印刷、海と陸の交易に関わりました。人と物と考えが広く移動した時代を表します。","🐫","図鑑"
"岳飛","岳飛","交易と王国の時代","東アジアと中央アジア","交易と王朝を動かした人","岳飛は東アジアと中央アジアで王朝政治、草原の交流、紙や印刷、海と陸の交易に関わりました。人と物と考えが広く移動した時代を表します。","🐫","図鑑"
"忽必烈","忽必烈","交易と王国の時代","東アジアと中央アジア","交易と王朝を動かした人","忽必烈は東アジアと中央アジアで王朝政治、草原の交流、紙や印刷、海と陸の交易に関わりました。人と物と考えが広く移動した時代を表します。","🐫","図鑑"
"マルコ・ポーロ","マルコ・ポーロ","交易と王国の時代","東アジアと中央アジア","交易と王朝を動かした人","マルコ・ポーロは東アジアと中央アジアで王朝政治、草原の交流、紙や印刷、海と陸の交易に関わりました。人と物と考えが広く移動した時代を表します。","🐫","図鑑"
"ラシードゥッディーン","ラシードゥッディーン","交易と王国の時代","東アジアと中央アジア","交易と王朝を動かした人","ラシードゥッディーンは東アジアと中央アジアで王朝政治、草原の交流、紙や印刷、海と陸の交易に関わりました。人と物と考えが広く移動した時代を表します。","🐫","図鑑"
"バトゥ","バトゥ","交易と王国の時代","東アジアと中央アジア","交易と王朝を動かした人","バトゥは東アジアと中央アジアで王朝政治、草原の交流、紙や印刷、海と陸の交易に関わりました。人と物と考えが広く移動した時代を表します。","🐫","図鑑"
"フレグ","フレグ","交易と王国の時代","東アジアと中央アジア","交易と王朝を動かした人","フレグは東アジアと中央アジアで王朝政治、草原の交流、紙や印刷、海と陸の交易に関わりました。人と物と考えが広く移動した時代を表します。","🐫","カタログのみ"
"ティムール","ティムール","交易と王国の時代","東アジアと中央アジア","交易と王朝を動かした人","ティムールは東アジアと中央アジアで王朝政治、草原の交流、紙や印刷、海と陸の交易に関わりました。人と物と考えが広く移動した時代を表します。","🐫","カタログのみ"
"ウルグ・ベク","ウルグ・ベク","交易と王国の時代","東アジアと中央アジア","交易と王朝を動かした人","ウルグ・ベクは東アジアと中央アジアで王朝政治、草原の交流、紙や印刷、海と陸の交易に関わりました。人と物と考えが広く移動した時代を表します。","🐫","カタログのみ"
"バーブル","バーブル","交易と王国の時代","東アジアと中央アジア","交易と王朝を動かした人","バーブルは東アジアと中央アジアで王朝政治、草原の交流、紙や印刷、海と陸の交易に関わりました。人と物と考えが広く移動した時代を表します。","🐫","カタログのみ"
"アクバル","アクバル","交易と王国の時代","東アジアと中央アジア","交易と王朝を動かした人","アクバルは東アジアと中央アジアで王朝政治、草原の交流、紙や印刷、海と陸の交易に関わりました。人と物と考えが広く移動した時代を表します。","🐫","カタログのみ"
"シャー・ジャハーン","シャー・ジャハーン","交易と王国の時代","東アジアと中央アジア","交易と王朝を動かした人","シャー・ジャハーンは東アジアと中央アジアで王朝政治、草原の交流、紙や印刷、海と陸の交易に関わりました。人と物と考えが広く移動した時代を表します。","🐫","カタログのみ"
"アウラングゼーブ","アウラングゼーブ","交易と王国の時代","東アジアと中央アジア","交易と王朝を動かした人","アウラングゼーブは東アジアと中央アジアで王朝政治、草原の交流、紙や印刷、海と陸の交易に関わりました。人と物と考えが広く移動した時代を表します。","🐫","カタログのみ"
"世宗","世宗","交易と王国の時代","東アジアと中央アジア","交易と王朝を動かした人","世宗は東アジアと中央アジアで王朝政治、草原の交流、紙や印刷、海と陸の交易に関わりました。人と物と考えが広く移動した時代を表します。","🐫","カタログのみ"
"李成桂","李成桂","交易と王国の時代","東アジアと中央アジア","交易と王朝を動かした人","李成桂は東アジアと中央アジアで王朝政治、草原の交流、紙や印刷、海と陸の交易に関わりました。人と物と考えが広く移動した時代を表します。","🐫","カタログのみ"
"新羅の善徳女王","新羅の善徳女王","交易と王国の時代","東アジアと中央アジア","交易と王朝を動かした人","新羅の善徳女王は東アジアと中央アジアで王朝政治、草原の交流、紙や印刷、海と陸の交易に関わりました。人と物と考えが広く移動した時代を表します。","🐫","カタログのみ"
"王建","王建","交易と王国の時代","東アジアと中央アジア","交易と王朝を動かした人","王建は東アジアと中央アジアで王朝政治、草原の交流、紙や印刷、海と陸の交易に関わりました。人と物と考えが広く移動した時代を表します。","🐫","カタログのみ"
"北条時宗","北条時宗","交易と王国の時代","東アジアと中央アジア","交易と王朝を動かした人","北条時宗は東アジアと中央アジアで王朝政治、草原の交流、紙や印刷、海と陸の交易に関わりました。人と物と考えが広く移動した時代を表します。","🐫","カタログのみ"
"足利義満","足利義満","交易と王国の時代","東アジアと中央アジア","交易と王朝を動かした人","足利義満は東アジアと中央アジアで王朝政治、草原の交流、紙や印刷、海と陸の交易に関わりました。人と物と考えが広く移動した時代を表します。","🐫","カタログのみ"
"一休宗純","一休宗純","交易と王国の時代","東アジアと中央アジア","交易と王朝を動かした人","一休宗純は東アジアと中央アジアで王朝政治、草原の交流、紙や印刷、海と陸の交易に関わりました。人と物と考えが広く移動した時代を表します。","🐫","カタログのみ"
"ユスティニアヌス","ユスティニアヌス","交易と王国の時代","ヨーロッパ・アフリカ・アメリカ","王国と都市を支えた人","ユスティニアヌスはヨーロッパ・アフリカ・アメリカで王国、都市、大学、交易、巡礼、建築、文学に関わりました。地域ごとの文化が交流しながら発展したことを示します。","🏰","図鑑"
"テオドラ","テオドラ","交易と王国の時代","ヨーロッパ・アフリカ・アメリカ","王国と都市を支えた人","テオドラはヨーロッパ・アフリカ・アメリカで王国、都市、大学、交易、巡礼、建築、文学に関わりました。地域ごとの文化が交流しながら発展したことを示します。","🏰","図鑑"
"ヘラクレイオス","ヘラクレイオス","交易と王国の時代","ヨーロッパ・アフリカ・アメリカ","王国と都市を支えた人","ヘラクレイオスはヨーロッパ・アフリカ・アメリカで王国、都市、大学、交易、巡礼、建築、文学に関わりました。地域ごとの文化が交流しながら発展したことを示します。","🏰","図鑑"
"バシレイオス2世","バシレイオス2世","交易と王国の時代","ヨーロッパ・アフリカ・アメリカ","王国と都市を支えた人","バシレイオス2世はヨーロッパ・アフリカ・アメリカで王国、都市、大学、交易、巡礼、建築、文学に関わりました。地域ごとの文化が交流しながら発展したことを示します。","🏰","図鑑"
"ウラジーミル1世","ウラジーミル1世","交易と王国の時代","ヨーロッパ・アフリカ・アメリカ","王国と都市を支えた人","ウラジーミル1世はヨーロッパ・アフリカ・アメリカで王国、都市、大学、交易、巡礼、建築、文学に関わりました。地域ごとの文化が交流しながら発展したことを示します。","🏰","図鑑"
"ヤロスラフ賢公","ヤロスラフ賢公","交易と王国の時代","ヨーロッパ・アフリカ・アメリカ","王国と都市を支えた人","ヤロスラフ賢公はヨーロッパ・アフリカ・アメリカで王国、都市、大学、交易、巡礼、建築、文学に関わりました。地域ごとの文化が交流しながら発展したことを示します。","🏰","図鑑"
"ウィリアム1世","ウィリアム1世","交易と王国の時代","ヨーロッパ・アフリカ・アメリカ","王国と都市を支えた人","ウィリアム1世はヨーロッパ・アフリカ・アメリカで王国、都市、大学、交易、巡礼、建築、文学に関わりました。地域ごとの文化が交流しながら発展したことを示します。","🏰","図鑑"
"エレノア・オブ・アキテーヌ","エレノア・オブ・アキテーヌ","交易と王国の時代","ヨーロッパ・アフリカ・アメリカ","王国と都市を支えた人","エレノア・オブ・アキテーヌはヨーロッパ・アフリカ・アメリカで王国、都市、大学、交易、巡礼、建築、文学に関わりました。地域ごとの文化が交流しながら発展したことを示します。","🏰","図鑑"
"リチャード1世","リチャード1世","交易と王国の時代","ヨーロッパ・アフリカ・アメリカ","王国と都市を支えた人","リチャード1世はヨーロッパ・アフリカ・アメリカで王国、都市、大学、交易、巡礼、建築、文学に関わりました。地域ごとの文化が交流しながら発展したことを示します。","🏰","図鑑"
"ジョン王","ジョン王","交易と王国の時代","ヨーロッパ・アフリカ・アメリカ","王国と都市を支えた人","ジョン王はヨーロッパ・アフリカ・アメリカで王国、都市、大学、交易、巡礼、建築、文学に関わりました。地域ごとの文化が交流しながら発展したことを示します。","🏰","図鑑"
"サラディン","サラディン","交易と王国の時代","ヨーロッパ・アフリカ・アメリカ","王国と都市を支えた人","サラディンはヨーロッパ・アフリカ・アメリカで王国、都市、大学、交易、巡礼、建築、文学に関わりました。地域ごとの文化が交流しながら発展したことを示します。","🏰","図鑑"
"リチャード・ド・ベリー","リチャード・ド・ベリー","交易と王国の時代","ヨーロッパ・アフリカ・アメリカ","王国と都市を支えた人","リチャード・ド・ベリーはヨーロッパ・アフリカ・アメリカで王国、都市、大学、交易、巡礼、建築、文学に関わりました。地域ごとの文化が交流しながら発展したことを示します。","🏰","図鑑"
"ダンテ","ダンテ","交易と王国の時代","ヨーロッパ・アフリカ・アメリカ","王国と都市を支えた人","ダンテはヨーロッパ・アフリカ・アメリカで王国、都市、大学、交易、巡礼、建築、文学に関わりました。地域ごとの文化が交流しながら発展したことを示します。","🏰","図鑑"
"チョーサー","チョーサー","交易と王国の時代","ヨーロッパ・アフリカ・アメリカ","王国と都市を支えた人","チョーサーはヨーロッパ・アフリカ・アメリカで王国、都市、大学、交易、巡礼、建築、文学に関わりました。地域ごとの文化が交流しながら発展したことを示します。","🏰","図鑑"
"ジョット","ジョット","交易と王国の時代","ヨーロッパ・アフリカ・アメリカ","王国と都市を支えた人","ジョットはヨーロッパ・アフリカ・アメリカで王国、都市、大学、交易、巡礼、建築、文学に関わりました。地域ごとの文化が交流しながら発展したことを示します。","🏰","図鑑"
"アベラール","アベラール","交易と王国の時代","ヨーロッパ・アフリカ・アメリカ","王国と都市を支えた人","アベラールはヨーロッパ・アフリカ・アメリカで王国、都市、大学、交易、巡礼、建築、文学に関わりました。地域ごとの文化が交流しながら発展したことを示します。","🏰","図鑑"
"クリスティーヌ・ド・ピザン","クリスティーヌ・ド・ピザン","交易と王国の時代","ヨーロッパ・アフリカ・アメリカ","王国と都市を支えた人","クリスティーヌ・ド・ピザンはヨーロッパ・アフリカ・アメリカで王国、都市、大学、交易、巡礼、建築、文学に関わりました。地域ごとの文化が交流しながら発展したことを示します。","🏰","図鑑"
"ジャンヌ・ダルク","ジャンヌ・ダルク","交易と王国の時代","ヨーロッパ・アフリカ・アメリカ","王国と都市を支えた人","ジャンヌ・ダルクはヨーロッパ・アフリカ・アメリカで王国、都市、大学、交易、巡礼、建築、文学に関わりました。地域ごとの文化が交流しながら発展したことを示します。","🏰","図鑑"
"メフメト2世","メフメト2世","交易と王国の時代","ヨーロッパ・アフリカ・アメリカ","王国と都市を支えた人","メフメト2世はヨーロッパ・アフリカ・アメリカで王国、都市、大学、交易、巡礼、建築、文学に関わりました。地域ごとの文化が交流しながら発展したことを示します。","🏰","図鑑"
"スレイマン1世","スレイマン1世","交易と王国の時代","ヨーロッパ・アフリカ・アメリカ","王国と都市を支えた人","スレイマン1世はヨーロッパ・アフリカ・アメリカで王国、都市、大学、交易、巡礼、建築、文学に関わりました。地域ごとの文化が交流しながら発展したことを示します。","🏰","カタログのみ"
"オスマン1世","オスマン1世","交易と王国の時代","ヨーロッパ・アフリカ・アメリカ","王国と都市を支えた人","オスマン1世はヨーロッパ・アフリカ・アメリカで王国、都市、大学、交易、巡礼、建築、文学に関わりました。地域ごとの文化が交流しながら発展したことを示します。","🏰","カタログのみ"
"イブン・ハルドゥーン","イブン・ハルドゥーン","交易と王国の時代","ヨーロッパ・アフリカ・アメリカ","王国と都市を支えた人","イブン・ハルドゥーンはヨーロッパ・アフリカ・アメリカで王国、都市、大学、交易、巡礼、建築、文学に関わりました。地域ごとの文化が交流しながら発展したことを示します。","🏰","カタログのみ"
"レオ・アフリカヌス","レオ・アフリカヌス","交易と王国の時代","ヨーロッパ・アフリカ・アメリカ","王国と都市を支えた人","レオ・アフリカヌスはヨーロッパ・アフリカ・アメリカで王国、都市、大学、交易、巡礼、建築、文学に関わりました。地域ごとの文化が交流しながら発展したことを示します。","🏰","カタログのみ"
"スンジャタ","スンジャタ","交易と王国の時代","ヨーロッパ・アフリカ・アメリカ","王国と都市を支えた人","スンジャタはヨーロッパ・アフリカ・アメリカで王国、都市、大学、交易、巡礼、建築、文学に関わりました。地域ごとの文化が交流しながら発展したことを示します。","🏰","カタログのみ"
"イブン・ヤースィーン","イブン・ヤースィーン","交易と王国の時代","ヨーロッパ・アフリカ・アメリカ","王国と都市を支えた人","イブン・ヤースィーンはヨーロッパ・アフリカ・アメリカで王国、都市、大学、交易、巡礼、建築、文学に関わりました。地域ごとの文化が交流しながら発展したことを示します。","🏰","カタログのみ"
"ソンニ・アリ","ソンニ・アリ","交易と王国の時代","ヨーロッパ・アフリカ・アメリカ","王国と都市を支えた人","ソンニ・アリはヨーロッパ・アフリカ・アメリカで王国、都市、大学、交易、巡礼、建築、文学に関わりました。地域ごとの文化が交流しながら発展したことを示します。","🏰","カタログのみ"
"アスキア・ムハンマド","アスキア・ムハンマド","交易と王国の時代","ヨーロッパ・アフリカ・アメリカ","王国と都市を支えた人","アスキア・ムハンマドはヨーロッパ・アフリカ・アメリカで王国、都市、大学、交易、巡礼、建築、文学に関わりました。地域ごとの文化が交流しながら発展したことを示します。","🏰","カタログのみ"
"エザナ","エザナ","交易と王国の時代","ヨーロッパ・アフリカ・アメリカ","王国と都市を支えた人","エザナはヨーロッパ・アフリカ・アメリカで王国、都市、大学、交易、巡礼、建築、文学に関わりました。地域ごとの文化が交流しながら発展したことを示します。","🏰","カタログのみ"
"ラリベラ","ラリベラ","交易と王国の時代","ヨーロッパ・アフリカ・アメリカ","王国と都市を支えた人","ラリベラはヨーロッパ・アフリカ・アメリカで王国、都市、大学、交易、巡礼、建築、文学に関わりました。地域ごとの文化が交流しながら発展したことを示します。","🏰","カタログのみ"
"ヤア・アサンテワ","ヤア・アサンテワ","交易と王国の時代","ヨーロッパ・アフリカ・アメリカ","王国と都市を支えた人","ヤア・アサンテワはヨーロッパ・アフリカ・アメリカで王国、都市、大学、交易、巡礼、建築、文学に関わりました。地域ごとの文化が交流しながら発展したことを示します。","🏰","カタログのみ"
"パチャクテク","パチャクテク","交易と王国の時代","ヨーロッパ・アフリカ・アメリカ","王国と都市を支えた人","パチャクテクはヨーロッパ・アフリカ・アメリカで王国、都市、大学、交易、巡礼、建築、文学に関わりました。地域ごとの文化が交流しながら発展したことを示します。","🏰","カタログのみ"
"トゥパク・インカ・ユパンキ","トゥパク・インカ・ユパンキ","交易と王国の時代","ヨーロッパ・アフリカ・アメリカ","王国と都市を支えた人","トゥパク・インカ・ユパンキはヨーロッパ・アフリカ・アメリカで王国、都市、大学、交易、巡礼、建築、文学に関わりました。地域ごとの文化が交流しながら発展したことを示します。","🏰","カタログのみ"
"ワイナ・カパック","ワイナ・カパック","交易と王国の時代","ヨーロッパ・アフリカ・アメリカ","王国と都市を支えた人","ワイナ・カパックはヨーロッパ・アフリカ・アメリカで王国、都市、大学、交易、巡礼、建築、文学に関わりました。地域ごとの文化が交流しながら発展したことを示します。","🏰","カタログのみ"
"モクテスマ1世","モクテスマ1世","交易と王国の時代","ヨーロッパ・アフリカ・アメリカ","王国と都市を支えた人","モクテスマ1世はヨーロッパ・アフリカ・アメリカで王国、都市、大学、交易、巡礼、建築、文学に関わりました。地域ごとの文化が交流しながら発展したことを示します。","🏰","カタログのみ"
"モクテスマ2世","モクテスマ2世","交易と王国の時代","ヨーロッパ・アフリカ・アメリカ","王国と都市を支えた人","モクテスマ2世はヨーロッパ・アフリカ・アメリカで王国、都市、大学、交易、巡礼、建築、文学に関わりました。地域ごとの文化が交流しながら発展したことを示します。","🏰","カタログのみ"
"ネサワルコヨトル","ネサワルコヨトル","交易と王国の時代","ヨーロッパ・アフリカ・アメリカ","王国と都市を支えた人","ネサワルコヨトルはヨーロッパ・アフリカ・アメリカで王国、都市、大学、交易、巡礼、建築、文学に関わりました。地域ごとの文化が交流しながら発展したことを示します。","🏰","カタログのみ"
"パカル王","パカル王","交易と王国の時代","ヨーロッパ・アフリカ・アメリカ","王国と都市を支えた人","パカル王はヨーロッパ・アフリカ・アメリカで王国、都市、大学、交易、巡礼、建築、文学に関わりました。地域ごとの文化が交流しながら発展したことを示します。","🏰","カタログのみ"
"イシュ・ワク・チャン","イシュ・ワク・チャン","交易と王国の時代","ヨーロッパ・アフリカ・アメリカ","王国と都市を支えた人","イシュ・ワク・チャンはヨーロッパ・アフリカ・アメリカで王国、都市、大学、交易、巡礼、建築、文学に関わりました。地域ごとの文化が交流しながら発展したことを示します。","🏰","カタログのみ"
"シヤフ・カック","シヤフ・カック","交易と王国の時代","ヨーロッパ・アフリカ・アメリカ","王国と都市を支えた人","シヤフ・カックはヨーロッパ・アフリカ・アメリカで王国、都市、大学、交易、巡礼、建築、文学に関わりました。地域ごとの文化が交流しながら発展したことを示します。","🏰","カタログのみ"
"エンリケ航海王子","エンリケ航海王子","大航海と出会いの時代","海をこえた世界","航海と交流に関わった人","エンリケ航海王子は海をこえた世界で航海、地図、交易、征服、宣教、抵抗に関わりました。世界が近づく一方で、植民地支配と被害が広がったことを考えます。","⛵","図鑑"
"バルトロメウ・ディアス","バルトロメウ・ディアス","大航海と出会いの時代","海をこえた世界","航海と交流に関わった人","バルトロメウ・ディアスは海をこえた世界で航海、地図、交易、征服、宣教、抵抗に関わりました。世界が近づく一方で、植民地支配と被害が広がったことを考えます。","⛵","図鑑"
"ヴァスコ・ダ・ガマ","ヴァスコ・ダ・ガマ","大航海と出会いの時代","海をこえた世界","航海と交流に関わった人","ヴァスコ・ダ・ガマは海をこえた世界で航海、地図、交易、征服、宣教、抵抗に関わりました。世界が近づく一方で、植民地支配と被害が広がったことを考えます。","⛵","図鑑"
"フェルディナンド・マゼラン","フェルディナンド・マゼラン","大航海と出会いの時代","海をこえた世界","航海と交流に関わった人","フェルディナンド・マゼランは海をこえた世界で航海、地図、交易、征服、宣教、抵抗に関わりました。世界が近づく一方で、植民地支配と被害が広がったことを考えます。","⛵","図鑑"
"フアン・セバスティアン・エルカーノ","フアン・セバスティアン・エルカーノ","大航海と出会いの時代","海をこえた世界","航海と交流に関わった人","フアン・セバスティアン・エルカーノは海をこえた世界で航海、地図、交易、征服、宣教、抵抗に関わりました。世界が近づく一方で、植民地支配と被害が広がったことを考えます。","⛵","図鑑"
"アメリゴ・ヴェスプッチ","アメリゴ・ヴェスプッチ","大航海と出会いの時代","海をこえた世界","航海と交流に関わった人","アメリゴ・ヴェスプッチは海をこえた世界で航海、地図、交易、征服、宣教、抵抗に関わりました。世界が近づく一方で、植民地支配と被害が広がったことを考えます。","⛵","図鑑"
"ジョン・カボット","ジョン・カボット","大航海と出会いの時代","海をこえた世界","航海と交流に関わった人","ジョン・カボットは海をこえた世界で航海、地図、交易、征服、宣教、抵抗に関わりました。世界が近づく一方で、植民地支配と被害が広がったことを考えます。","⛵","図鑑"
"ジャック・カルティエ","ジャック・カルティエ","大航海と出会いの時代","海をこえた世界","航海と交流に関わった人","ジャック・カルティエは海をこえた世界で航海、地図、交易、征服、宣教、抵抗に関わりました。世界が近づく一方で、植民地支配と被害が広がったことを考えます。","⛵","図鑑"
"フランシス・ドレーク","フランシス・ドレーク","大航海と出会いの時代","海をこえた世界","航海と交流に関わった人","フランシス・ドレークは海をこえた世界で航海、地図、交易、征服、宣教、抵抗に関わりました。世界が近づく一方で、植民地支配と被害が広がったことを考えます。","⛵","図鑑"
"ウォルター・ローリー","ウォルター・ローリー","大航海と出会いの時代","海をこえた世界","航海と交流に関わった人","ウォルター・ローリーは海をこえた世界で航海、地図、交易、征服、宣教、抵抗に関わりました。世界が近づく一方で、植民地支配と被害が広がったことを考えます。","⛵","図鑑"
"アベル・タスマン","アベル・タスマン","大航海と出会いの時代","海をこえた世界","航海と交流に関わった人","アベル・タスマンは海をこえた世界で航海、地図、交易、征服、宣教、抵抗に関わりました。世界が近づく一方で、植民地支配と被害が広がったことを考えます。","⛵","図鑑"
"ジェームズ・クック","ジェームズ・クック","大航海と出会いの時代","海をこえた世界","航海と交流に関わった人","ジェームズ・クックは海をこえた世界で航海、地図、交易、征服、宣教、抵抗に関わりました。世界が近づく一方で、植民地支配と被害が広がったことを考えます。","⛵","図鑑"
"エルナン・コルテス","エルナン・コルテス","大航海と出会いの時代","海をこえた世界","航海と交流に関わった人","エルナン・コルテスは海をこえた世界で航海、地図、交易、征服、宣教、抵抗に関わりました。世界が近づく一方で、植民地支配と被害が広がったことを考えます。","⛵","図鑑"
"フランシスコ・ピサロ","フランシスコ・ピサロ","大航海と出会いの時代","海をこえた世界","航海と交流に関わった人","フランシスコ・ピサロは海をこえた世界で航海、地図、交易、征服、宣教、抵抗に関わりました。世界が近づく一方で、植民地支配と被害が広がったことを考えます。","⛵","図鑑"
"マリンチェ","マリンチェ","大航海と出会いの時代","海をこえた世界","航海と交流に関わった人","マリンチェは海をこえた世界で航海、地図、交易、征服、宣教、抵抗に関わりました。世界が近づく一方で、植民地支配と被害が広がったことを考えます。","⛵","図鑑"
"トゥパク・アマル1世","トゥパク・アマル1世","大航海と出会いの時代","海をこえた世界","航海と交流に関わった人","トゥパク・アマル1世は海をこえた世界で航海、地図、交易、征服、宣教、抵抗に関わりました。世界が近づく一方で、植民地支配と被害が広がったことを考えます。","⛵","図鑑"
"トゥパク・アマル2世","トゥパク・アマル2世","大航海と出会いの時代","海をこえた世界","航海と交流に関わった人","トゥパク・アマル2世は海をこえた世界で航海、地図、交易、征服、宣教、抵抗に関わりました。世界が近づく一方で、植民地支配と被害が広がったことを考えます。","⛵","図鑑"
"クアウテモック","クアウテモック","大航海と出会いの時代","海をこえた世界","航海と交流に関わった人","クアウテモックは海をこえた世界で航海、地図、交易、征服、宣教、抵抗に関わりました。世界が近づく一方で、植民地支配と被害が広がったことを考えます。","⛵","図鑑"
"アタワルパ","アタワルパ","大航海と出会いの時代","海をこえた世界","航海と交流に関わった人","アタワルパは海をこえた世界で航海、地図、交易、征服、宣教、抵抗に関わりました。世界が近づく一方で、植民地支配と被害が広がったことを考えます。","⛵","図鑑"
"ポカホンタス","ポカホンタス","大航海と出会いの時代","海をこえた世界","航海と交流に関わった人","ポカホンタスは海をこえた世界で航海、地図、交易、征服、宣教、抵抗に関わりました。世界が近づく一方で、植民地支配と被害が広がったことを考えます。","⛵","カタログのみ"
"ワフンスナコック","ワフンスナコック","大航海と出会いの時代","海をこえた世界","航海と交流に関わった人","ワフンスナコックは海をこえた世界で航海、地図、交易、征服、宣教、抵抗に関わりました。世界が近づく一方で、植民地支配と被害が広がったことを考えます。","⛵","カタログのみ"
"メタコメット","メタコメット","大航海と出会いの時代","海をこえた世界","航海と交流に関わった人","メタコメットは海をこえた世界で航海、地図、交易、征服、宣教、抵抗に関わりました。世界が近づく一方で、植民地支配と被害が広がったことを考えます。","⛵","カタログのみ"
"テカムセ","テカムセ","大航海と出会いの時代","海をこえた世界","航海と交流に関わった人","テカムセは海をこえた世界で航海、地図、交易、征服、宣教、抵抗に関わりました。世界が近づく一方で、植民地支配と被害が広がったことを考えます。","⛵","カタログのみ"
"サミュエル・ド・シャンプラン","サミュエル・ド・シャンプラン","大航海と出会いの時代","海をこえた世界","航海と交流に関わった人","サミュエル・ド・シャンプランは海をこえた世界で航海、地図、交易、征服、宣教、抵抗に関わりました。世界が近づく一方で、植民地支配と被害が広がったことを考えます。","⛵","カタログのみ"
"ピーター・ストイフェサント","ピーター・ストイフェサント","大航海と出会いの時代","海をこえた世界","航海と交流に関わった人","ピーター・ストイフェサントは海をこえた世界で航海、地図、交易、征服、宣教、抵抗に関わりました。世界が近づく一方で、植民地支配と被害が広がったことを考えます。","⛵","カタログのみ"
"ジャン・ド・ブレブフ","ジャン・ド・ブレブフ","大航海と出会いの時代","海をこえた世界","航海と交流に関わった人","ジャン・ド・ブレブフは海をこえた世界で航海、地図、交易、征服、宣教、抵抗に関わりました。世界が近づく一方で、植民地支配と被害が広がったことを考えます。","⛵","カタログのみ"
"マテオ・リッチ","マテオ・リッチ","大航海と出会いの時代","海をこえた世界","航海と交流に関わった人","マテオ・リッチは海をこえた世界で航海、地図、交易、征服、宣教、抵抗に関わりました。世界が近づく一方で、植民地支配と被害が広がったことを考えます。","⛵","カタログのみ"
"フランシスコ・ザビエル","フランシスコ・ザビエル","大航海と出会いの時代","海をこえた世界","航海と交流に関わった人","フランシスコ・ザビエルは海をこえた世界で航海、地図、交易、征服、宣教、抵抗に関わりました。世界が近づく一方で、植民地支配と被害が広がったことを考えます。","⛵","カタログのみ"
"山田長政","山田長政","大航海と出会いの時代","海をこえた世界","航海と交流に関わった人","山田長政は海をこえた世界で航海、地図、交易、征服、宣教、抵抗に関わりました。世界が近づく一方で、植民地支配と被害が広がったことを考えます。","⛵","カタログのみ"
"支倉常長","支倉常長","大航海と出会いの時代","海をこえた世界","航海と交流に関わった人","支倉常長は海をこえた世界で航海、地図、交易、征服、宣教、抵抗に関わりました。世界が近づく一方で、植民地支配と被害が広がったことを考えます。","⛵","カタログのみ"
"ウィリアム・アダムス","ウィリアム・アダムス","大航海と出会いの時代","海をこえた世界","航海と交流に関わった人","ウィリアム・アダムスは海をこえた世界で航海、地図、交易、征服、宣教、抵抗に関わりました。世界が近づく一方で、植民地支配と被害が広がったことを考えます。","⛵","カタログのみ"
"織田信長","織田信長","大航海と出会いの時代","海をこえた世界","航海と交流に関わった人","織田信長は海をこえた世界で航海、地図、交易、征服、宣教、抵抗に関わりました。世界が近づく一方で、植民地支配と被害が広がったことを考えます。","⛵","カタログのみ"
"豊臣秀吉","豊臣秀吉","大航海と出会いの時代","海をこえた世界","航海と交流に関わった人","豊臣秀吉は海をこえた世界で航海、地図、交易、征服、宣教、抵抗に関わりました。世界が近づく一方で、植民地支配と被害が広がったことを考えます。","⛵","カタログのみ"
"徳川家康","徳川家康","大航海と出会いの時代","海をこえた世界","航海と交流に関わった人","徳川家康は海をこえた世界で航海、地図、交易、征服、宣教、抵抗に関わりました。世界が近づく一方で、植民地支配と被害が広がったことを考えます。","⛵","カタログのみ"
"エリザベス1世","エリザベス1世","大航海と出会いの時代","海をこえた世界","航海と交流に関わった人","エリザベス1世は海をこえた世界で航海、地図、交易、征服、宣教、抵抗に関わりました。世界が近づく一方で、植民地支配と被害が広がったことを考えます。","⛵","カタログのみ"
"フェリペ2世","フェリペ2世","大航海と出会いの時代","海をこえた世界","航海と交流に関わった人","フェリペ2世は海をこえた世界で航海、地図、交易、征服、宣教、抵抗に関わりました。世界が近づく一方で、植民地支配と被害が広がったことを考えます。","⛵","カタログのみ"
"イサベル1世","イサベル1世","大航海と出会いの時代","海をこえた世界","航海と交流に関わった人","イサベル1世は海をこえた世界で航海、地図、交易、征服、宣教、抵抗に関わりました。世界が近づく一方で、植民地支配と被害が広がったことを考えます。","⛵","カタログのみ"
"フェルナンド2世","フェルナンド2世","大航海と出会いの時代","海をこえた世界","航海と交流に関わった人","フェルナンド2世は海をこえた世界で航海、地図、交易、征服、宣教、抵抗に関わりました。世界が近づく一方で、植民地支配と被害が広がったことを考えます。","⛵","カタログのみ"
"アフォンソ・デ・アルブケルケ","アフォンソ・デ・アルブケルケ","大航海と出会いの時代","海をこえた世界","航海と交流に関わった人","アフォンソ・デ・アルブケルケは海をこえた世界で航海、地図、交易、征服、宣教、抵抗に関わりました。世界が近づく一方で、植民地支配と被害が広がったことを考えます。","⛵","カタログのみ"
"ザビエル・デ・メネゼス","ザビエル・デ・メネゼス","大航海と出会いの時代","海をこえた世界","航海と交流に関わった人","ザビエル・デ・メネゼスは海をこえた世界で航海、地図、交易、征服、宣教、抵抗に関わりました。世界が近づく一方で、植民地支配と被害が広がったことを考えます。","⛵","カタログのみ"
"オラウダ・イクイアーノ","オラウダ・イクイアーノ","大航海と出会いの時代","海をこえた世界","航海と交流に関わった人","オラウダ・イクイアーノは海をこえた世界で航海、地図、交易、征服、宣教、抵抗に関わりました。世界が近づく一方で、植民地支配と被害が広がったことを考えます。","⛵","カタログのみ"
"アンソニー・ジョンソン","アンソニー・ジョンソン","大航海と出会いの時代","海をこえた世界","航海と交流に関わった人","アンソニー・ジョンソンは海をこえた世界で航海、地図、交易、征服、宣教、抵抗に関わりました。世界が近づく一方で、植民地支配と被害が広がったことを考えます。","⛵","カタログのみ"
"ンジンガ女王","ンジンガ女王","大航海と出会いの時代","海をこえた世界","航海と交流に関わった人","ンジンガ女王は海をこえた世界で航海、地図、交易、征服、宣教、抵抗に関わりました。世界が近づく一方で、植民地支配と被害が広がったことを考えます。","⛵","カタログのみ"
"アフォンソ1世","アフォンソ1世","大航海と出会いの時代","海をこえた世界","航海と交流に関わった人","アフォンソ1世は海をこえた世界で航海、地図、交易、征服、宣教、抵抗に関わりました。世界が近づく一方で、植民地支配と被害が広がったことを考えます。","⛵","カタログのみ"
"ベンキョウ","ベンキョウ","大航海と出会いの時代","海をこえた世界","航海と交流に関わった人","ベンキョウは海をこえた世界で航海、地図、交易、征服、宣教、抵抗に関わりました。世界が近づく一方で、植民地支配と被害が広がったことを考えます。","⛵","カタログのみ"
"鄭成功","鄭成功","大航海と出会いの時代","海をこえた世界","航海と交流に関わった人","鄭成功は海をこえた世界で航海、地図、交易、征服、宣教、抵抗に関わりました。世界が近づく一方で、植民地支配と被害が広がったことを考えます。","⛵","カタログのみ"
"林則徐","林則徐","大航海と出会いの時代","海をこえた世界","航海と交流に関わった人","林則徐は海をこえた世界で航海、地図、交易、征服、宣教、抵抗に関わりました。世界が近づく一方で、植民地支配と被害が広がったことを考えます。","⛵","カタログのみ"
"ジョン・ロック","ジョン・ロック","革命と工場の時代","ヨーロッパと大西洋世界","革命と権利を動かした人","ジョン・ロックはヨーロッパと大西洋世界で市民革命、独立、啓蒙思想、奴隷制廃止、女性の権利に関わりました。自由や平等がだれに届いたのかを考える人物です。","🗽","図鑑"
"モンテスキュー","モンテスキュー","革命と工場の時代","ヨーロッパと大西洋世界","革命と権利を動かした人","モンテスキューはヨーロッパと大西洋世界で市民革命、独立、啓蒙思想、奴隷制廃止、女性の権利に関わりました。自由や平等がだれに届いたのかを考える人物です。","🗽","図鑑"
"ヴォルテール","ヴォルテール","革命と工場の時代","ヨーロッパと大西洋世界","革命と権利を動かした人","ヴォルテールはヨーロッパと大西洋世界で市民革命、独立、啓蒙思想、奴隷制廃止、女性の権利に関わりました。自由や平等がだれに届いたのかを考える人物です。","🗽","図鑑"
"ルソー","ルソー","革命と工場の時代","ヨーロッパと大西洋世界","革命と権利を動かした人","ルソーはヨーロッパと大西洋世界で市民革命、独立、啓蒙思想、奴隷制廃止、女性の権利に関わりました。自由や平等がだれに届いたのかを考える人物です。","🗽","図鑑"
"ディドロ","ディドロ","革命と工場の時代","ヨーロッパと大西洋世界","革命と権利を動かした人","ディドロはヨーロッパと大西洋世界で市民革命、独立、啓蒙思想、奴隷制廃止、女性の権利に関わりました。自由や平等がだれに届いたのかを考える人物です。","🗽","図鑑"
"メアリ・ウルストンクラフト","メアリ・ウルストンクラフト","革命と工場の時代","ヨーロッパと大西洋世界","革命と権利を動かした人","メアリ・ウルストンクラフトはヨーロッパと大西洋世界で市民革命、独立、啓蒙思想、奴隷制廃止、女性の権利に関わりました。自由や平等がだれに届いたのかを考える人物です。","🗽","図鑑"
"アダム・スミス","アダム・スミス","革命と工場の時代","ヨーロッパと大西洋世界","革命と権利を動かした人","アダム・スミスはヨーロッパと大西洋世界で市民革命、独立、啓蒙思想、奴隷制廃止、女性の権利に関わりました。自由や平等がだれに届いたのかを考える人物です。","🗽","図鑑"
"トマス・ペイン","トマス・ペイン","革命と工場の時代","ヨーロッパと大西洋世界","革命と権利を動かした人","トマス・ペインはヨーロッパと大西洋世界で市民革命、独立、啓蒙思想、奴隷制廃止、女性の権利に関わりました。自由や平等がだれに届いたのかを考える人物です。","🗽","図鑑"
"ベンジャミン・フランクリン","ベンジャミン・フランクリン","革命と工場の時代","ヨーロッパと大西洋世界","革命と権利を動かした人","ベンジャミン・フランクリンはヨーロッパと大西洋世界で市民革命、独立、啓蒙思想、奴隷制廃止、女性の権利に関わりました。自由や平等がだれに届いたのかを考える人物です。","🗽","図鑑"
"トマス・ジェファーソン","トマス・ジェファーソン","革命と工場の時代","ヨーロッパと大西洋世界","革命と権利を動かした人","トマス・ジェファーソンはヨーロッパと大西洋世界で市民革命、独立、啓蒙思想、奴隷制廃止、女性の権利に関わりました。自由や平等がだれに届いたのかを考える人物です。","🗽","図鑑"
"ジョン・アダムズ","ジョン・アダムズ","革命と工場の時代","ヨーロッパと大西洋世界","革命と権利を動かした人","ジョン・アダムズはヨーロッパと大西洋世界で市民革命、独立、啓蒙思想、奴隷制廃止、女性の権利に関わりました。自由や平等がだれに届いたのかを考える人物です。","🗽","図鑑"
"アビゲイル・アダムズ","アビゲイル・アダムズ","革命と工場の時代","ヨーロッパと大西洋世界","革命と権利を動かした人","アビゲイル・アダムズはヨーロッパと大西洋世界で市民革命、独立、啓蒙思想、奴隷制廃止、女性の権利に関わりました。自由や平等がだれに届いたのかを考える人物です。","🗽","図鑑"
"ラファイエット","ラファイエット","革命と工場の時代","ヨーロッパと大西洋世界","革命と権利を動かした人","ラファイエットはヨーロッパと大西洋世界で市民革命、独立、啓蒙思想、奴隷制廃止、女性の権利に関わりました。自由や平等がだれに届いたのかを考える人物です。","🗽","図鑑"
"ロベスピエール","ロベスピエール","革命と工場の時代","ヨーロッパと大西洋世界","革命と権利を動かした人","ロベスピエールはヨーロッパと大西洋世界で市民革命、独立、啓蒙思想、奴隷制廃止、女性の権利に関わりました。自由や平等がだれに届いたのかを考える人物です。","🗽","図鑑"
"ダントン","ダントン","革命と工場の時代","ヨーロッパと大西洋世界","革命と権利を動かした人","ダントンはヨーロッパと大西洋世界で市民革命、独立、啓蒙思想、奴隷制廃止、女性の権利に関わりました。自由や平等がだれに届いたのかを考える人物です。","🗽","図鑑"
"マラー","マラー","革命と工場の時代","ヨーロッパと大西洋世界","革命と権利を動かした人","マラーはヨーロッパと大西洋世界で市民革命、独立、啓蒙思想、奴隷制廃止、女性の権利に関わりました。自由や平等がだれに届いたのかを考える人物です。","🗽","図鑑"
"オランプ・ド・グージュ","オランプ・ド・グージュ","革命と工場の時代","ヨーロッパと大西洋世界","革命と権利を動かした人","オランプ・ド・グージュはヨーロッパと大西洋世界で市民革命、独立、啓蒙思想、奴隷制廃止、女性の権利に関わりました。自由や平等がだれに届いたのかを考える人物です。","🗽","図鑑"
"トゥサン・ルーヴェルチュール","トゥサン・ルーヴェルチュール","革命と工場の時代","ヨーロッパと大西洋世界","革命と権利を動かした人","トゥサン・ルーヴェルチュールはヨーロッパと大西洋世界で市民革命、独立、啓蒙思想、奴隷制廃止、女性の権利に関わりました。自由や平等がだれに届いたのかを考える人物です。","🗽","図鑑"
"ジャン＝ジャック・デサリーヌ","ジャン＝ジャック・デサリーヌ","革命と工場の時代","ヨーロッパと大西洋世界","革命と権利を動かした人","ジャン＝ジャック・デサリーヌはヨーロッパと大西洋世界で市民革命、独立、啓蒙思想、奴隷制廃止、女性の権利に関わりました。自由や平等がだれに届いたのかを考える人物です。","🗽","図鑑"
"サン＝マルティン","サン＝マルティン","革命と工場の時代","ヨーロッパと大西洋世界","革命と権利を動かした人","サン＝マルティンはヨーロッパと大西洋世界で市民革命、独立、啓蒙思想、奴隷制廃止、女性の権利に関わりました。自由や平等がだれに届いたのかを考える人物です。","🗽","カタログのみ"
"ベルナルド・オヒギンス","ベルナルド・オヒギンス","革命と工場の時代","ヨーロッパと大西洋世界","革命と権利を動かした人","ベルナルド・オヒギンスはヨーロッパと大西洋世界で市民革命、独立、啓蒙思想、奴隷制廃止、女性の権利に関わりました。自由や平等がだれに届いたのかを考える人物です。","🗽","カタログのみ"
"ミゲル・イダルゴ","ミゲル・イダルゴ","革命と工場の時代","ヨーロッパと大西洋世界","革命と権利を動かした人","ミゲル・イダルゴはヨーロッパと大西洋世界で市民革命、独立、啓蒙思想、奴隷制廃止、女性の権利に関わりました。自由や平等がだれに届いたのかを考える人物です。","🗽","カタログのみ"
"ホセ・モレーロス","ホセ・モレーロス","革命と工場の時代","ヨーロッパと大西洋世界","革命と権利を動かした人","ホセ・モレーロスはヨーロッパと大西洋世界で市民革命、独立、啓蒙思想、奴隷制廃止、女性の権利に関わりました。自由や平等がだれに届いたのかを考える人物です。","🗽","カタログのみ"
"アグスティン・デ・イトゥルビデ","アグスティン・デ・イトゥルビデ","革命と工場の時代","ヨーロッパと大西洋世界","革命と権利を動かした人","アグスティン・デ・イトゥルビデはヨーロッパと大西洋世界で市民革命、独立、啓蒙思想、奴隷制廃止、女性の権利に関わりました。自由や平等がだれに届いたのかを考える人物です。","🗽","カタログのみ"
"ペドロ1世","ペドロ1世","革命と工場の時代","ヨーロッパと大西洋世界","革命と権利を動かした人","ペドロ1世はヨーロッパと大西洋世界で市民革命、独立、啓蒙思想、奴隷制廃止、女性の権利に関わりました。自由や平等がだれに届いたのかを考える人物です。","🗽","カタログのみ"
"エカチェリーナ2世","エカチェリーナ2世","革命と工場の時代","ヨーロッパと大西洋世界","革命と権利を動かした人","エカチェリーナ2世はヨーロッパと大西洋世界で市民革命、独立、啓蒙思想、奴隷制廃止、女性の権利に関わりました。自由や平等がだれに届いたのかを考える人物です。","🗽","カタログのみ"
"ピョートル1世","ピョートル1世","革命と工場の時代","ヨーロッパと大西洋世界","革命と権利を動かした人","ピョートル1世はヨーロッパと大西洋世界で市民革命、独立、啓蒙思想、奴隷制廃止、女性の権利に関わりました。自由や平等がだれに届いたのかを考える人物です。","🗽","カタログのみ"
"フリードリヒ2世","フリードリヒ2世","革命と工場の時代","ヨーロッパと大西洋世界","革命と権利を動かした人","フリードリヒ2世はヨーロッパと大西洋世界で市民革命、独立、啓蒙思想、奴隷制廃止、女性の権利に関わりました。自由や平等がだれに届いたのかを考える人物です。","🗽","カタログのみ"
"マリア・テレジア","マリア・テレジア","革命と工場の時代","ヨーロッパと大西洋世界","革命と権利を動かした人","マリア・テレジアはヨーロッパと大西洋世界で市民革命、独立、啓蒙思想、奴隷制廃止、女性の権利に関わりました。自由や平等がだれに届いたのかを考える人物です。","🗽","カタログのみ"
"ヨーゼフ2世","ヨーゼフ2世","革命と工場の時代","ヨーロッパと大西洋世界","革命と権利を動かした人","ヨーゼフ2世はヨーロッパと大西洋世界で市民革命、独立、啓蒙思想、奴隷制廃止、女性の権利に関わりました。自由や平等がだれに届いたのかを考える人物です。","🗽","カタログのみ"
"ウィリアム・ウィルバーフォース","ウィリアム・ウィルバーフォース","革命と工場の時代","ヨーロッパと大西洋世界","革命と権利を動かした人","ウィリアム・ウィルバーフォースはヨーロッパと大西洋世界で市民革命、独立、啓蒙思想、奴隷制廃止、女性の権利に関わりました。自由や平等がだれに届いたのかを考える人物です。","🗽","カタログのみ"
"ハリエット・タブマン","ハリエット・タブマン","革命と工場の時代","ヨーロッパと大西洋世界","革命と権利を動かした人","ハリエット・タブマンはヨーロッパと大西洋世界で市民革命、独立、啓蒙思想、奴隷制廃止、女性の権利に関わりました。自由や平等がだれに届いたのかを考える人物です。","🗽","カタログのみ"
"フレデリック・ダグラス","フレデリック・ダグラス","革命と工場の時代","ヨーロッパと大西洋世界","革命と権利を動かした人","フレデリック・ダグラスはヨーロッパと大西洋世界で市民革命、独立、啓蒙思想、奴隷制廃止、女性の権利に関わりました。自由や平等がだれに届いたのかを考える人物です。","🗽","カタログのみ"
"ソジャーナ・トゥルース","ソジャーナ・トゥルース","革命と工場の時代","ヨーロッパと大西洋世界","革命と権利を動かした人","ソジャーナ・トゥルースはヨーロッパと大西洋世界で市民革命、独立、啓蒙思想、奴隷制廃止、女性の権利に関わりました。自由や平等がだれに届いたのかを考える人物です。","🗽","カタログのみ"
"エイブラハム・リンカーン","エイブラハム・リンカーン","革命と工場の時代","ヨーロッパと大西洋世界","革命と権利を動かした人","エイブラハム・リンカーンはヨーロッパと大西洋世界で市民革命、独立、啓蒙思想、奴隷制廃止、女性の権利に関わりました。自由や平等がだれに届いたのかを考える人物です。","🗽","カタログのみ"
"クララ・バートン","クララ・バートン","革命と工場の時代","ヨーロッパと大西洋世界","革命と権利を動かした人","クララ・バートンはヨーロッパと大西洋世界で市民革命、独立、啓蒙思想、奴隷制廃止、女性の権利に関わりました。自由や平等がだれに届いたのかを考える人物です。","🗽","カタログのみ"
"エリザベス・キャディ・スタントン","エリザベス・キャディ・スタントン","革命と工場の時代","ヨーロッパと大西洋世界","革命と権利を動かした人","エリザベス・キャディ・スタントンはヨーロッパと大西洋世界で市民革命、独立、啓蒙思想、奴隷制廃止、女性の権利に関わりました。自由や平等がだれに届いたのかを考える人物です。","🗽","カタログのみ"
"スーザン・B・アンソニー","スーザン・B・アンソニー","革命と工場の時代","ヨーロッパと大西洋世界","革命と権利を動かした人","スーザン・B・アンソニーはヨーロッパと大西洋世界で市民革命、独立、啓蒙思想、奴隷制廃止、女性の権利に関わりました。自由や平等がだれに届いたのかを考える人物です。","🗽","カタログのみ"
"リチャード・アークライト","リチャード・アークライト","革命と工場の時代","工業化する世界","科学と産業を変えた人","リチャード・アークライトは工業化する世界で機械、工場、交通、通信、医学、社会思想に関わりました。便利さと労働問題が同時に広がった時代を示します。","⚙️","図鑑"
"ジェームズ・ハーグリーブス","ジェームズ・ハーグリーブス","革命と工場の時代","工業化する世界","科学と産業を変えた人","ジェームズ・ハーグリーブスは工業化する世界で機械、工場、交通、通信、医学、社会思想に関わりました。便利さと労働問題が同時に広がった時代を示します。","⚙️","図鑑"
"サミュエル・クロムプトン","サミュエル・クロムプトン","革命と工場の時代","工業化する世界","科学と産業を変えた人","サミュエル・クロムプトンは工業化する世界で機械、工場、交通、通信、医学、社会思想に関わりました。便利さと労働問題が同時に広がった時代を示します。","⚙️","図鑑"
"ジョージ・スティーブンソン","ジョージ・スティーブンソン","革命と工場の時代","工業化する世界","科学と産業を変えた人","ジョージ・スティーブンソンは工業化する世界で機械、工場、交通、通信、医学、社会思想に関わりました。便利さと労働問題が同時に広がった時代を示します。","⚙️","図鑑"
"イザムバード・キングダム・ブルネル","イザムバード・キングダム・ブルネル","革命と工場の時代","工業化する世界","科学と産業を変えた人","イザムバード・キングダム・ブルネルは工業化する世界で機械、工場、交通、通信、医学、社会思想に関わりました。便利さと労働問題が同時に広がった時代を示します。","⚙️","図鑑"
"ロバート・フルトン","ロバート・フルトン","革命と工場の時代","工業化する世界","科学と産業を変えた人","ロバート・フルトンは工業化する世界で機械、工場、交通、通信、医学、社会思想に関わりました。便利さと労働問題が同時に広がった時代を示します。","⚙️","図鑑"
"アレッサンドロ・ボルタ","アレッサンドロ・ボルタ","革命と工場の時代","工業化する世界","科学と産業を変えた人","アレッサンドロ・ボルタは工業化する世界で機械、工場、交通、通信、医学、社会思想に関わりました。便利さと労働問題が同時に広がった時代を示します。","⚙️","図鑑"
"マイケル・ファラデー","マイケル・ファラデー","革命と工場の時代","工業化する世界","科学と産業を変えた人","マイケル・ファラデーは工業化する世界で機械、工場、交通、通信、医学、社会思想に関わりました。便利さと労働問題が同時に広がった時代を示します。","⚙️","図鑑"
"チャールズ・バベッジ","チャールズ・バベッジ","革命と工場の時代","工業化する世界","科学と産業を変えた人","チャールズ・バベッジは工業化する世界で機械、工場、交通、通信、医学、社会思想に関わりました。便利さと労働問題が同時に広がった時代を示します。","⚙️","図鑑"
"エイダ・ラブレス","エイダ・ラブレス","革命と工場の時代","工業化する世界","科学と産業を変えた人","エイダ・ラブレスは工業化する世界で機械、工場、交通、通信、医学、社会思想に関わりました。便利さと労働問題が同時に広がった時代を示します。","⚙️","図鑑"
"ルイ・パスツール","ルイ・パスツール","革命と工場の時代","工業化する世界","科学と産業を変えた人","ルイ・パスツールは工業化する世界で機械、工場、交通、通信、医学、社会思想に関わりました。便利さと労働問題が同時に広がった時代を示します。","⚙️","図鑑"
"エドワード・ジェンナー","エドワード・ジェンナー","革命と工場の時代","工業化する世界","科学と産業を変えた人","エドワード・ジェンナーは工業化する世界で機械、工場、交通、通信、医学、社会思想に関わりました。便利さと労働問題が同時に広がった時代を示します。","⚙️","図鑑"
"ジョン・スノー","ジョン・スノー","革命と工場の時代","工業化する世界","科学と産業を変えた人","ジョン・スノーは工業化する世界で機械、工場、交通、通信、医学、社会思想に関わりました。便利さと労働問題が同時に広がった時代を示します。","⚙️","図鑑"
"カール・マルクス","カール・マルクス","革命と工場の時代","工業化する世界","科学と産業を変えた人","カール・マルクスは工業化する世界で機械、工場、交通、通信、医学、社会思想に関わりました。便利さと労働問題が同時に広がった時代を示します。","⚙️","図鑑"
"フリードリヒ・エンゲルス","フリードリヒ・エンゲルス","革命と工場の時代","工業化する世界","科学と産業を変えた人","フリードリヒ・エンゲルスは工業化する世界で機械、工場、交通、通信、医学、社会思想に関わりました。便利さと労働問題が同時に広がった時代を示します。","⚙️","図鑑"
"ロバート・オーウェン","ロバート・オーウェン","革命と工場の時代","工業化する世界","科学と産業を変えた人","ロバート・オーウェンは工業化する世界で機械、工場、交通、通信、医学、社会思想に関わりました。便利さと労働問題が同時に広がった時代を示します。","⚙️","図鑑"
"ナポレオン3世","ナポレオン3世","革命と工場の時代","工業化する世界","科学と産業を変えた人","ナポレオン3世は工業化する世界で機械、工場、交通、通信、医学、社会思想に関わりました。便利さと労働問題が同時に広がった時代を示します。","⚙️","図鑑"
"ビスマルク","ビスマルク","革命と工場の時代","工業化する世界","科学と産業を変えた人","ビスマルクは工業化する世界で機械、工場、交通、通信、医学、社会思想に関わりました。便利さと労働問題が同時に広がった時代を示します。","⚙️","図鑑"
"ガリバルディ","ガリバルディ","革命と工場の時代","工業化する世界","科学と産業を変えた人","ガリバルディは工業化する世界で機械、工場、交通、通信、医学、社会思想に関わりました。便利さと労働問題が同時に広がった時代を示します。","⚙️","図鑑"
"カヴール","カヴール","革命と工場の時代","工業化する世界","科学と産業を変えた人","カヴールは工業化する世界で機械、工場、交通、通信、医学、社会思想に関わりました。便利さと労働問題が同時に広がった時代を示します。","⚙️","カタログのみ"
"マッツィーニ","マッツィーニ","革命と工場の時代","工業化する世界","科学と産業を変えた人","マッツィーニは工業化する世界で機械、工場、交通、通信、医学、社会思想に関わりました。便利さと労働問題が同時に広がった時代を示します。","⚙️","カタログのみ"
"ヴィクトリア女王","ヴィクトリア女王","革命と工場の時代","工業化する世界","科学と産業を変えた人","ヴィクトリア女王は工業化する世界で機械、工場、交通、通信、医学、社会思想に関わりました。便利さと労働問題が同時に広がった時代を示します。","⚙️","カタログのみ"
"伊藤博文","伊藤博文","革命と工場の時代","工業化する世界","科学と産業を変えた人","伊藤博文は工業化する世界で機械、工場、交通、通信、医学、社会思想に関わりました。便利さと労働問題が同時に広がった時代を示します。","⚙️","カタログのみ"
"大久保利通","大久保利通","革命と工場の時代","工業化する世界","科学と産業を変えた人","大久保利通は工業化する世界で機械、工場、交通、通信、医学、社会思想に関わりました。便利さと労働問題が同時に広がった時代を示します。","⚙️","カタログのみ"
"木戸孝允","木戸孝允","革命と工場の時代","工業化する世界","科学と産業を変えた人","木戸孝允は工業化する世界で機械、工場、交通、通信、医学、社会思想に関わりました。便利さと労働問題が同時に広がった時代を示します。","⚙️","カタログのみ"
"福沢諭吉","福沢諭吉","革命と工場の時代","工業化する世界","科学と産業を変えた人","福沢諭吉は工業化する世界で機械、工場、交通、通信、医学、社会思想に関わりました。便利さと労働問題が同時に広がった時代を示します。","⚙️","カタログのみ"
"渋沢栄一","渋沢栄一","革命と工場の時代","工業化する世界","科学と産業を変えた人","渋沢栄一は工業化する世界で機械、工場、交通、通信、医学、社会思想に関わりました。便利さと労働問題が同時に広がった時代を示します。","⚙️","カタログのみ"
"西郷隆盛","西郷隆盛","革命と工場の時代","工業化する世界","科学と産業を変えた人","西郷隆盛は工業化する世界で機械、工場、交通、通信、医学、社会思想に関わりました。便利さと労働問題が同時に広がった時代を示します。","⚙️","カタログのみ"
"セシル・ローズ","セシル・ローズ","世界が深く結びついた時代","19世紀から20世紀初めの世界","近代社会を動かした人","セシル・ローズは19世紀から20世紀初めの世界で帝国主義、科学、芸術、教育、労働運動、独立運動に関わりました。世界が速く結びつく中で生まれた変化を示します。","🚂","図鑑"
"デイヴィッド・リヴィングストン","デイヴィッド・リヴィングストン","世界が深く結びついた時代","19世紀から20世紀初めの世界","近代社会を動かした人","デイヴィッド・リヴィングストンは19世紀から20世紀初めの世界で帝国主義、科学、芸術、教育、労働運動、独立運動に関わりました。世界が速く結びつく中で生まれた変化を示します。","🚂","図鑑"
"ヘンリー・モートン・スタンリー","ヘンリー・モートン・スタンリー","世界が深く結びついた時代","19世紀から20世紀初めの世界","近代社会を動かした人","ヘンリー・モートン・スタンリーは19世紀から20世紀初めの世界で帝国主義、科学、芸術、教育、労働運動、独立運動に関わりました。世界が速く結びつく中で生まれた変化を示します。","🚂","図鑑"
"レオポルド2世","レオポルド2世","世界が深く結びついた時代","19世紀から20世紀初めの世界","近代社会を動かした人","レオポルド2世は19世紀から20世紀初めの世界で帝国主義、科学、芸術、教育、労働運動、独立運動に関わりました。世界が速く結びつく中で生まれた変化を示します。","🚂","図鑑"
"メネリク2世","メネリク2世","世界が深く結びついた時代","19世紀から20世紀初めの世界","近代社会を動かした人","メネリク2世は19世紀から20世紀初めの世界で帝国主義、科学、芸術、教育、労働運動、独立運動に関わりました。世界が速く結びつく中で生まれた変化を示します。","🚂","図鑑"
"テオドロス2世","テオドロス2世","世界が深く結びついた時代","19世紀から20世紀初めの世界","近代社会を動かした人","テオドロス2世は19世紀から20世紀初めの世界で帝国主義、科学、芸術、教育、労働運動、独立運動に関わりました。世界が速く結びつく中で生まれた変化を示します。","🚂","図鑑"
"サモリ・トゥーレ","サモリ・トゥーレ","世界が深く結びついた時代","19世紀から20世紀初めの世界","近代社会を動かした人","サモリ・トゥーレは19世紀から20世紀初めの世界で帝国主義、科学、芸術、教育、労働運動、独立運動に関わりました。世界が速く結びつく中で生まれた変化を示します。","🚂","図鑑"
"ムハンマド・アフマド","ムハンマド・アフマド","世界が深く結びついた時代","19世紀から20世紀初めの世界","近代社会を動かした人","ムハンマド・アフマドは19世紀から20世紀初めの世界で帝国主義、科学、芸術、教育、労働運動、独立運動に関わりました。世界が速く結びつく中で生まれた変化を示します。","🚂","図鑑"
"ジャマールッディーン・アフガーニー","ジャマールッディーン・アフガーニー","世界が深く結びついた時代","19世紀から20世紀初めの世界","近代社会を動かした人","ジャマールッディーン・アフガーニーは19世紀から20世紀初めの世界で帝国主義、科学、芸術、教育、労働運動、独立運動に関わりました。世界が速く結びつく中で生まれた変化を示します。","🚂","図鑑"
"ムハンマド・アブドゥフ","ムハンマド・アブドゥフ","世界が深く結びついた時代","19世紀から20世紀初めの世界","近代社会を動かした人","ムハンマド・アブドゥフは19世紀から20世紀初めの世界で帝国主義、科学、芸術、教育、労働運動、独立運動に関わりました。世界が速く結びつく中で生まれた変化を示します。","🚂","図鑑"
"サイイド・アフマド・ハーン","サイイド・アフマド・ハーン","世界が深く結びついた時代","19世紀から20世紀初めの世界","近代社会を動かした人","サイイド・アフマド・ハーンは19世紀から20世紀初めの世界で帝国主義、科学、芸術、教育、労働運動、独立運動に関わりました。世界が速く結びつく中で生まれた変化を示します。","🚂","図鑑"
"ラーマクリシュナ","ラーマクリシュナ","世界が深く結びついた時代","19世紀から20世紀初めの世界","近代社会を動かした人","ラーマクリシュナは19世紀から20世紀初めの世界で帝国主義、科学、芸術、教育、労働運動、独立運動に関わりました。世界が速く結びつく中で生まれた変化を示します。","🚂","図鑑"
"ヴィヴェーカーナンダ","ヴィヴェーカーナンダ","世界が深く結びついた時代","19世紀から20世紀初めの世界","近代社会を動かした人","ヴィヴェーカーナンダは19世紀から20世紀初めの世界で帝国主義、科学、芸術、教育、労働運動、独立運動に関わりました。世界が速く結びつく中で生まれた変化を示します。","🚂","図鑑"
"ラビンドラナート・タゴール","ラビンドラナート・タゴール","世界が深く結びついた時代","19世紀から20世紀初めの世界","近代社会を動かした人","ラビンドラナート・タゴールは19世紀から20世紀初めの世界で帝国主義、科学、芸術、教育、労働運動、独立運動に関わりました。世界が速く結びつく中で生まれた変化を示します。","🚂","図鑑"
"ロキア・サカワット・ホセイン","ロキア・サカワット・ホセイン","世界が深く結びついた時代","19世紀から20世紀初めの世界","近代社会を動かした人","ロキア・サカワット・ホセインは19世紀から20世紀初めの世界で帝国主義、科学、芸術、教育、労働運動、独立運動に関わりました。世界が速く結びつく中で生まれた変化を示します。","🚂","図鑑"
"ホセ・リサール","ホセ・リサール","世界が深く結びついた時代","19世紀から20世紀初めの世界","近代社会を動かした人","ホセ・リサールは19世紀から20世紀初めの世界で帝国主義、科学、芸術、教育、労働運動、独立運動に関わりました。世界が速く結びつく中で生まれた変化を示します。","🚂","図鑑"
"エミリオ・アギナルド","エミリオ・アギナルド","世界が深く結びついた時代","19世紀から20世紀初めの世界","近代社会を動かした人","エミリオ・アギナルドは19世紀から20世紀初めの世界で帝国主義、科学、芸術、教育、労働運動、独立運動に関わりました。世界が速く結びつく中で生まれた変化を示します。","🚂","図鑑"
"スカルノ","スカルノ","世界が深く結びついた時代","19世紀から20世紀初めの世界","近代社会を動かした人","スカルノは19世紀から20世紀初めの世界で帝国主義、科学、芸術、教育、労働運動、独立運動に関わりました。世界が速く結びつく中で生まれた変化を示します。","🚂","図鑑"
"ホー・チ・ミン","ホー・チ・ミン","世界が深く結びついた時代","19世紀から20世紀初めの世界","近代社会を動かした人","ホー・チ・ミンは19世紀から20世紀初めの世界で帝国主義、科学、芸術、教育、労働運動、独立運動に関わりました。世界が速く結びつく中で生まれた変化を示します。","🚂","図鑑"
"袁世凱","袁世凱","世界が深く結びついた時代","19世紀から20世紀初めの世界","近代社会を動かした人","袁世凱は19世紀から20世紀初めの世界で帝国主義、科学、芸術、教育、労働運動、独立運動に関わりました。世界が速く結びつく中で生まれた変化を示します。","🚂","カタログのみ"
"康有為","康有為","世界が深く結びついた時代","19世紀から20世紀初めの世界","近代社会を動かした人","康有為は19世紀から20世紀初めの世界で帝国主義、科学、芸術、教育、労働運動、独立運動に関わりました。世界が速く結びつく中で生まれた変化を示します。","🚂","カタログのみ"
"梁啓超","梁啓超","世界が深く結びついた時代","19世紀から20世紀初めの世界","近代社会を動かした人","梁啓超は19世紀から20世紀初めの世界で帝国主義、科学、芸術、教育、労働運動、独立運動に関わりました。世界が速く結びつく中で生まれた変化を示します。","🚂","カタログのみ"
"西太后","西太后","世界が深く結びついた時代","19世紀から20世紀初めの世界","近代社会を動かした人","西太后は19世紀から20世紀初めの世界で帝国主義、科学、芸術、教育、労働運動、独立運動に関わりました。世界が速く結びつく中で生まれた変化を示します。","🚂","カタログのみ"
"光緒帝","光緒帝","世界が深く結びついた時代","19世紀から20世紀初めの世界","近代社会を動かした人","光緒帝は19世紀から20世紀初めの世界で帝国主義、科学、芸術、教育、労働運動、独立運動に関わりました。世界が速く結びつく中で生まれた変化を示します。","🚂","カタログのみ"
"溥儀","溥儀","世界が深く結びついた時代","19世紀から20世紀初めの世界","近代社会を動かした人","溥儀は19世紀から20世紀初めの世界で帝国主義、科学、芸術、教育、労働運動、独立運動に関わりました。世界が速く結びつく中で生まれた変化を示します。","🚂","カタログのみ"
"毛沢東","毛沢東","世界が深く結びついた時代","19世紀から20世紀初めの世界","近代社会を動かした人","毛沢東は19世紀から20世紀初めの世界で帝国主義、科学、芸術、教育、労働運動、独立運動に関わりました。世界が速く結びつく中で生まれた変化を示します。","🚂","カタログのみ"
"周恩来","周恩来","世界が深く結びついた時代","19世紀から20世紀初めの世界","近代社会を動かした人","周恩来は19世紀から20世紀初めの世界で帝国主義、科学、芸術、教育、労働運動、独立運動に関わりました。世界が速く結びつく中で生まれた変化を示します。","🚂","カタログのみ"
"蒋介石","蒋介石","世界が深く結びついた時代","19世紀から20世紀初めの世界","近代社会を動かした人","蒋介石は19世紀から20世紀初めの世界で帝国主義、科学、芸術、教育、労働運動、独立運動に関わりました。世界が速く結びつく中で生まれた変化を示します。","🚂","カタログのみ"
"宋慶齢","宋慶齢","世界が深く結びついた時代","19世紀から20世紀初めの世界","近代社会を動かした人","宋慶齢は19世紀から20世紀初めの世界で帝国主義、科学、芸術、教育、労働運動、独立運動に関わりました。世界が速く結びつく中で生まれた変化を示します。","🚂","カタログのみ"
"魯迅","魯迅","世界が深く結びついた時代","19世紀から20世紀初めの世界","近代社会を動かした人","魯迅は19世紀から20世紀初めの世界で帝国主義、科学、芸術、教育、労働運動、独立運動に関わりました。世界が速く結びつく中で生まれた変化を示します。","🚂","カタログのみ"
"ドストエフスキー","ドストエフスキー","世界が深く結びついた時代","19世紀から20世紀初めの世界","近代社会を動かした人","ドストエフスキーは19世紀から20世紀初めの世界で帝国主義、科学、芸術、教育、労働運動、独立運動に関わりました。世界が速く結びつく中で生まれた変化を示します。","🚂","カタログのみ"
"トルストイ","トルストイ","世界が深く結びついた時代","19世紀から20世紀初めの世界","近代社会を動かした人","トルストイは19世紀から20世紀初めの世界で帝国主義、科学、芸術、教育、労働運動、独立運動に関わりました。世界が速く結びつく中で生まれた変化を示します。","🚂","カタログのみ"
"チェーホフ","チェーホフ","世界が深く結びついた時代","19世紀から20世紀初めの世界","近代社会を動かした人","チェーホフは19世紀から20世紀初めの世界で帝国主義、科学、芸術、教育、労働運動、独立運動に関わりました。世界が速く結びつく中で生まれた変化を示します。","🚂","カタログのみ"
"チャイコフスキー","チャイコフスキー","世界が深く結びついた時代","19世紀から20世紀初めの世界","近代社会を動かした人","チャイコフスキーは19世紀から20世紀初めの世界で帝国主義、科学、芸術、教育、労働運動、独立運動に関わりました。世界が速く結びつく中で生まれた変化を示します。","🚂","カタログのみ"
"マリー・キュリー","マリー・キュリー","世界が深く結びついた時代","19世紀から20世紀初めの世界","近代社会を動かした人","マリー・キュリーは19世紀から20世紀初めの世界で帝国主義、科学、芸術、教育、労働運動、独立運動に関わりました。世界が速く結びつく中で生まれた変化を示します。","🚂","カタログのみ"
"ピエール・キュリー","ピエール・キュリー","世界が深く結びついた時代","19世紀から20世紀初めの世界","近代社会を動かした人","ピエール・キュリーは19世紀から20世紀初めの世界で帝国主義、科学、芸術、教育、労働運動、独立運動に関わりました。世界が速く結びつく中で生まれた変化を示します。","🚂","カタログのみ"
"メンデル","メンデル","世界が深く結びついた時代","19世紀から20世紀初めの世界","近代社会を動かした人","メンデルは19世紀から20世紀初めの世界で帝国主義、科学、芸術、教育、労働運動、独立運動に関わりました。世界が速く結びつく中で生まれた変化を示します。","🚂","カタログのみ"
"マクスウェル","マクスウェル","世界が深く結びついた時代","19世紀から20世紀初めの世界","近代社会を動かした人","マクスウェルは19世紀から20世紀初めの世界で帝国主義、科学、芸術、教育、労働運動、独立運動に関わりました。世界が速く結びつく中で生まれた変化を示します。","🚂","カタログのみ"
"メンデレーエフ","メンデレーエフ","世界が深く結びついた時代","19世紀から20世紀初めの世界","近代社会を動かした人","メンデレーエフは19世紀から20世紀初めの世界で帝国主義、科学、芸術、教育、労働運動、独立運動に関わりました。世界が速く結びつく中で生まれた変化を示します。","🚂","カタログのみ"
"ロベルト・コッホ","ロベルト・コッホ","世界が深く結びついた時代","19世紀から20世紀初めの世界","近代社会を動かした人","ロベルト・コッホは19世紀から20世紀初めの世界で帝国主義、科学、芸術、教育、労働運動、独立運動に関わりました。世界が速く結びつく中で生まれた変化を示します。","🚂","カタログのみ"
"ジョゼフ・リスター","ジョゼフ・リスター","世界が深く結びついた時代","19世紀から20世紀初めの世界","近代社会を動かした人","ジョゼフ・リスターは19世紀から20世紀初めの世界で帝国主義、科学、芸術、教育、労働運動、独立運動に関わりました。世界が速く結びつく中で生まれた変化を示します。","🚂","カタログのみ"
"グラハム・ベル","グラハム・ベル","世界が深く結びついた時代","19世紀から20世紀初めの世界","近代社会を動かした人","グラハム・ベルは19世紀から20世紀初めの世界で帝国主義、科学、芸術、教育、労働運動、独立運動に関わりました。世界が速く結びつく中で生まれた変化を示します。","🚂","カタログのみ"
"トーマス・エジソン","トーマス・エジソン","世界が深く結びついた時代","19世紀から20世紀初めの世界","近代社会を動かした人","トーマス・エジソンは19世紀から20世紀初めの世界で帝国主義、科学、芸術、教育、労働運動、独立運動に関わりました。世界が速く結びつく中で生まれた変化を示します。","🚂","カタログのみ"
"ニコラ・テスラ","ニコラ・テスラ","世界が深く結びついた時代","19世紀から20世紀初めの世界","近代社会を動かした人","ニコラ・テスラは19世紀から20世紀初めの世界で帝国主義、科学、芸術、教育、労働運動、独立運動に関わりました。世界が速く結びつく中で生まれた変化を示します。","🚂","カタログのみ"
"ライト兄弟","ライト兄弟","世界が深く結びついた時代","19世紀から20世紀初めの世界","近代社会を動かした人","ライト兄弟は19世紀から20世紀初めの世界で帝国主義、科学、芸術、教育、労働運動、独立運動に関わりました。世界が速く結びつく中で生まれた変化を示します。","🚂","カタログのみ"
"ヘンリー・フォード","ヘンリー・フォード","世界が深く結びついた時代","19世紀から20世紀初めの世界","近代社会を動かした人","ヘンリー・フォードは19世紀から20世紀初めの世界で帝国主義、科学、芸術、教育、労働運動、独立運動に関わりました。世界が速く結びつく中で生まれた変化を示します。","🚂","カタログのみ"
"フレデリック・テイラー","フレデリック・テイラー","世界が深く結びついた時代","19世紀から20世紀初めの世界","近代社会を動かした人","フレデリック・テイラーは19世紀から20世紀初めの世界で帝国主義、科学、芸術、教育、労働運動、独立運動に関わりました。世界が速く結びつく中で生まれた変化を示します。","🚂","カタログのみ"
"アンドリュー・カーネギー","アンドリュー・カーネギー","世界が深く結びついた時代","19世紀から20世紀初めの世界","近代社会を動かした人","アンドリュー・カーネギーは19世紀から20世紀初めの世界で帝国主義、科学、芸術、教育、労働運動、独立運動に関わりました。世界が速く結びつく中で生まれた変化を示します。","🚂","カタログのみ"
"ジョン・ロックフェラー","ジョン・ロックフェラー","世界が深く結びついた時代","19世紀から20世紀初めの世界","近代社会を動かした人","ジョン・ロックフェラーは19世紀から20世紀初めの世界で帝国主義、科学、芸術、教育、労働運動、独立運動に関わりました。世界が速く結びつく中で生まれた変化を示します。","🚂","カタログのみ"
"J・P・モルガン","J・P・モルガン","世界が深く結びついた時代","19世紀から20世紀初めの世界","近代社会を動かした人","J・P・モルガンは19世紀から20世紀初めの世界で帝国主義、科学、芸術、教育、労働運動、独立運動に関わりました。世界が速く結びつく中で生まれた変化を示します。","🚂","カタログのみ"
"ジェーン・アダムズ","ジェーン・アダムズ","世界が深く結びついた時代","19世紀から20世紀初めの世界","近代社会を動かした人","ジェーン・アダムズは19世紀から20世紀初めの世界で帝国主義、科学、芸術、教育、労働運動、独立運動に関わりました。世界が速く結びつく中で生まれた変化を示します。","🚂","カタログのみ"
"エメリン・パンクハースト","エメリン・パンクハースト","世界が深く結びついた時代","19世紀から20世紀初めの世界","近代社会を動かした人","エメリン・パンクハーストは19世紀から20世紀初めの世界で帝国主義、科学、芸術、教育、労働運動、独立運動に関わりました。世界が速く結びつく中で生まれた変化を示します。","🚂","カタログのみ"
"ミリセント・フォーセット","ミリセント・フォーセット","世界が深く結びついた時代","19世紀から20世紀初めの世界","近代社会を動かした人","ミリセント・フォーセットは19世紀から20世紀初めの世界で帝国主義、科学、芸術、教育、労働運動、独立運動に関わりました。世界が速く結びつく中で生まれた変化を示します。","🚂","カタログのみ"
"クララ・ツェトキン","クララ・ツェトキン","世界が深く結びついた時代","19世紀から20世紀初めの世界","近代社会を動かした人","クララ・ツェトキンは19世紀から20世紀初めの世界で帝国主義、科学、芸術、教育、労働運動、独立運動に関わりました。世界が速く結びつく中で生まれた変化を示します。","🚂","カタログのみ"
"ローザ・ルクセンブルク","ローザ・ルクセンブルク","世界が深く結びついた時代","19世紀から20世紀初めの世界","近代社会を動かした人","ローザ・ルクセンブルクは19世紀から20世紀初めの世界で帝国主義、科学、芸術、教育、労働運動、独立運動に関わりました。世界が速く結びつく中で生まれた変化を示します。","🚂","カタログのみ"
"レーニン","レーニン","世界が深く結びついた時代","19世紀から20世紀初めの世界","近代社会を動かした人","レーニンは19世紀から20世紀初めの世界で帝国主義、科学、芸術、教育、労働運動、独立運動に関わりました。世界が速く結びつく中で生まれた変化を示します。","🚂","カタログのみ"
"トロツキー","トロツキー","世界が深く結びついた時代","19世紀から20世紀初めの世界","近代社会を動かした人","トロツキーは19世紀から20世紀初めの世界で帝国主義、科学、芸術、教育、労働運動、独立運動に関わりました。世界が速く結びつく中で生まれた変化を示します。","🚂","カタログのみ"
"スターリン","スターリン","世界が深く結びついた時代","19世紀から20世紀初めの世界","近代社会を動かした人","スターリンは19世紀から20世紀初めの世界で帝国主義、科学、芸術、教育、労働運動、独立運動に関わりました。世界が速く結びつく中で生まれた変化を示します。","🚂","カタログのみ"
"ニコライ2世","ニコライ2世","世界が深く結びついた時代","19世紀から20世紀初めの世界","近代社会を動かした人","ニコライ2世は19世紀から20世紀初めの世界で帝国主義、科学、芸術、教育、労働運動、独立運動に関わりました。世界が速く結びつく中で生まれた変化を示します。","🚂","カタログのみ"
"ムスタファ・ケマル","ムスタファ・ケマル","世界が深く結びついた時代","19世紀から20世紀初めの世界","近代社会を動かした人","ムスタファ・ケマルは19世紀から20世紀初めの世界で帝国主義、科学、芸術、教育、労働運動、独立運動に関わりました。世界が速く結びつく中で生まれた変化を示します。","🚂","カタログのみ"
"レザー・シャー","レザー・シャー","世界が深く結びついた時代","19世紀から20世紀初めの世界","近代社会を動かした人","レザー・シャーは19世紀から20世紀初めの世界で帝国主義、科学、芸術、教育、労働運動、独立運動に関わりました。世界が速く結びつく中で生まれた変化を示します。","🚂","カタログのみ"
"セオドア・ルーズベルト","セオドア・ルーズベルト","世界が深く結びついた時代","19世紀から20世紀初めの世界","近代社会を動かした人","セオドア・ルーズベルトは19世紀から20世紀初めの世界で帝国主義、科学、芸術、教育、労働運動、独立運動に関わりました。世界が速く結びつく中で生まれた変化を示します。","🚂","カタログのみ"
"ウッドロウ・ウィルソン","ウッドロウ・ウィルソン","世界が深く結びついた時代","19世紀から20世紀初めの世界","近代社会を動かした人","ウッドロウ・ウィルソンは19世紀から20世紀初めの世界で帝国主義、科学、芸術、教育、労働運動、独立運動に関わりました。世界が速く結びつく中で生まれた変化を示します。","🚂","カタログのみ"
"フランクリン・ルーズベルト","フランクリン・ルーズベルト","世界が深く結びついた時代","19世紀から20世紀初めの世界","近代社会を動かした人","フランクリン・ルーズベルトは19世紀から20世紀初めの世界で帝国主義、科学、芸術、教育、労働運動、独立運動に関わりました。世界が速く結びつく中で生まれた変化を示します。","🚂","カタログのみ"
"エレノア・ルーズベルト","エレノア・ルーズベルト","世界が深く結びついた時代","19世紀から20世紀初めの世界","近代社会を動かした人","エレノア・ルーズベルトは19世紀から20世紀初めの世界で帝国主義、科学、芸術、教育、労働運動、独立運動に関わりました。世界が速く結びつく中で生まれた変化を示します。","🚂","カタログのみ"
"ヘレン・ケラー","ヘレン・ケラー","世界が深く結びついた時代","19世紀から20世紀初めの世界","近代社会を動かした人","ヘレン・ケラーは19世紀から20世紀初めの世界で帝国主義、科学、芸術、教育、労働運動、独立運動に関わりました。世界が速く結びつく中で生まれた変化を示します。","🚂","カタログのみ"
"マーク・トウェイン","マーク・トウェイン","世界が深く結びついた時代","19世紀から20世紀初めの世界","近代社会を動かした人","マーク・トウェインは19世紀から20世紀初めの世界で帝国主義、科学、芸術、教育、労働運動、独立運動に関わりました。世界が速く結びつく中で生まれた変化を示します。","🚂","カタログのみ"
"ゴッホ","ゴッホ","世界が深く結びついた時代","19世紀から20世紀初めの世界","近代社会を動かした人","ゴッホは19世紀から20世紀初めの世界で帝国主義、科学、芸術、教育、労働運動、独立運動に関わりました。世界が速く結びつく中で生まれた変化を示します。","🚂","カタログのみ"
"モネ","モネ","世界が深く結びついた時代","19世紀から20世紀初めの世界","近代社会を動かした人","モネは19世紀から20世紀初めの世界で帝国主義、科学、芸術、教育、労働運動、独立運動に関わりました。世界が速く結びつく中で生まれた変化を示します。","🚂","カタログのみ"
"ピカソ","ピカソ","世界が深く結びついた時代","19世紀から20世紀初めの世界","近代社会を動かした人","ピカソは19世紀から20世紀初めの世界で帝国主義、科学、芸術、教育、労働運動、独立運動に関わりました。世界が速く結びつく中で生まれた変化を示します。","🚂","カタログのみ"
"ロダン","ロダン","世界が深く結びついた時代","19世紀から20世紀初めの世界","近代社会を動かした人","ロダンは19世紀から20世紀初めの世界で帝国主義、科学、芸術、教育、労働運動、独立運動に関わりました。世界が速く結びつく中で生まれた変化を示します。","🚂","カタログのみ"
"ガウディ","ガウディ","世界が深く結びついた時代","19世紀から20世紀初めの世界","近代社会を動かした人","ガウディは19世紀から20世紀初めの世界で帝国主義、科学、芸術、教育、労働運動、独立運動に関わりました。世界が速く結びつく中で生まれた変化を示します。","🚂","カタログのみ"
"ココ・シャネル","ココ・シャネル","世界が深く結びついた時代","19世紀から20世紀初めの世界","近代社会を動かした人","ココ・シャネルは19世紀から20世紀初めの世界で帝国主義、科学、芸術、教育、労働運動、独立運動に関わりました。世界が速く結びつく中で生まれた変化を示します。","🚂","カタログのみ"
"夏目漱石","夏目漱石","世界が深く結びついた時代","19世紀から20世紀初めの世界","近代社会を動かした人","夏目漱石は19世紀から20世紀初めの世界で帝国主義、科学、芸術、教育、労働運動、独立運動に関わりました。世界が速く結びつく中で生まれた変化を示します。","🚂","カタログのみ"
"野口英世","野口英世","世界が深く結びついた時代","19世紀から20世紀初めの世界","近代社会を動かした人","野口英世は19世紀から20世紀初めの世界で帝国主義、科学、芸術、教育、労働運動、独立運動に関わりました。世界が速く結びつく中で生まれた変化を示します。","🚂","カタログのみ"
"ウィンストン・チャーチル","ウィンストン・チャーチル","二つの世界大戦の時代","20世紀前半の世界","戦争と平和を考える人","ウィンストン・チャーチルは20世紀前半の世界で世界大戦、独裁、抵抗、科学、報道、人権に関わりました。戦争の被害と、平和を求めるしくみを考える人物です。","🕯️","図鑑"
"ネヴィル・チェンバレン","ネヴィル・チェンバレン","二つの世界大戦の時代","20世紀前半の世界","戦争と平和を考える人","ネヴィル・チェンバレンは20世紀前半の世界で世界大戦、独裁、抵抗、科学、報道、人権に関わりました。戦争の被害と、平和を求めるしくみを考える人物です。","🕯️","図鑑"
"アドルフ・ヒトラー","アドルフ・ヒトラー","二つの世界大戦の時代","20世紀前半の世界","戦争と平和を考える人","アドルフ・ヒトラーは20世紀前半の世界で世界大戦、独裁、抵抗、科学、報道、人権に関わりました。戦争の被害と、平和を求めるしくみを考える人物です。","🕯️","図鑑"
"ベニート・ムッソリーニ","ベニート・ムッソリーニ","二つの世界大戦の時代","20世紀前半の世界","戦争と平和を考える人","ベニート・ムッソリーニは20世紀前半の世界で世界大戦、独裁、抵抗、科学、報道、人権に関わりました。戦争の被害と、平和を求めるしくみを考える人物です。","🕯️","図鑑"
"フランシスコ・フランコ","フランシスコ・フランコ","二つの世界大戦の時代","20世紀前半の世界","戦争と平和を考える人","フランシスコ・フランコは20世紀前半の世界で世界大戦、独裁、抵抗、科学、報道、人権に関わりました。戦争の被害と、平和を求めるしくみを考える人物です。","🕯️","図鑑"
"シャルル・ド・ゴール","シャルル・ド・ゴール","二つの世界大戦の時代","20世紀前半の世界","戦争と平和を考える人","シャルル・ド・ゴールは20世紀前半の世界で世界大戦、独裁、抵抗、科学、報道、人権に関わりました。戦争の被害と、平和を求めるしくみを考える人物です。","🕯️","図鑑"
"フィリップ・ペタン","フィリップ・ペタン","二つの世界大戦の時代","20世紀前半の世界","戦争と平和を考える人","フィリップ・ペタンは20世紀前半の世界で世界大戦、独裁、抵抗、科学、報道、人権に関わりました。戦争の被害と、平和を求めるしくみを考える人物です。","🕯️","図鑑"
"ヨシップ・ブロズ・チトー","ヨシップ・ブロズ・チトー","二つの世界大戦の時代","20世紀前半の世界","戦争と平和を考える人","ヨシップ・ブロズ・チトーは20世紀前半の世界で世界大戦、独裁、抵抗、科学、報道、人権に関わりました。戦争の被害と、平和を求めるしくみを考える人物です。","🕯️","図鑑"
"ハリー・トルーマン","ハリー・トルーマン","二つの世界大戦の時代","20世紀前半の世界","戦争と平和を考える人","ハリー・トルーマンは20世紀前半の世界で世界大戦、独裁、抵抗、科学、報道、人権に関わりました。戦争の被害と、平和を求めるしくみを考える人物です。","🕯️","図鑑"
"ドワイト・アイゼンハワー","ドワイト・アイゼンハワー","二つの世界大戦の時代","20世紀前半の世界","戦争と平和を考える人","ドワイト・アイゼンハワーは20世紀前半の世界で世界大戦、独裁、抵抗、科学、報道、人権に関わりました。戦争の被害と、平和を求めるしくみを考える人物です。","🕯️","図鑑"
"ダグラス・マッカーサー","ダグラス・マッカーサー","二つの世界大戦の時代","20世紀前半の世界","戦争と平和を考える人","ダグラス・マッカーサーは20世紀前半の世界で世界大戦、独裁、抵抗、科学、報道、人権に関わりました。戦争の被害と、平和を求めるしくみを考える人物です。","🕯️","図鑑"
"ジョージ・マーシャル","ジョージ・マーシャル","二つの世界大戦の時代","20世紀前半の世界","戦争と平和を考える人","ジョージ・マーシャルは20世紀前半の世界で世界大戦、独裁、抵抗、科学、報道、人権に関わりました。戦争の被害と、平和を求めるしくみを考える人物です。","🕯️","図鑑"
"ジョージ・パットン","ジョージ・パットン","二つの世界大戦の時代","20世紀前半の世界","戦争と平和を考える人","ジョージ・パットンは20世紀前半の世界で世界大戦、独裁、抵抗、科学、報道、人権に関わりました。戦争の被害と、平和を求めるしくみを考える人物です。","🕯️","図鑑"
"チェスター・ニミッツ","チェスター・ニミッツ","二つの世界大戦の時代","20世紀前半の世界","戦争と平和を考える人","チェスター・ニミッツは20世紀前半の世界で世界大戦、独裁、抵抗、科学、報道、人権に関わりました。戦争の被害と、平和を求めるしくみを考える人物です。","🕯️","図鑑"
"山本五十六","山本五十六","二つの世界大戦の時代","20世紀前半の世界","戦争と平和を考える人","山本五十六は20世紀前半の世界で世界大戦、独裁、抵抗、科学、報道、人権に関わりました。戦争の被害と、平和を求めるしくみを考える人物です。","🕯️","図鑑"
"東条英機","東条英機","二つの世界大戦の時代","20世紀前半の世界","戦争と平和を考える人","東条英機は20世紀前半の世界で世界大戦、独裁、抵抗、科学、報道、人権に関わりました。戦争の被害と、平和を求めるしくみを考える人物です。","🕯️","図鑑"
"昭和天皇","昭和天皇","二つの世界大戦の時代","20世紀前半の世界","戦争と平和を考える人","昭和天皇は20世紀前半の世界で世界大戦、独裁、抵抗、科学、報道、人権に関わりました。戦争の被害と、平和を求めるしくみを考える人物です。","🕯️","図鑑"
"近衛文麿","近衛文麿","二つの世界大戦の時代","20世紀前半の世界","戦争と平和を考える人","近衛文麿は20世紀前半の世界で世界大戦、独裁、抵抗、科学、報道、人権に関わりました。戦争の被害と、平和を求めるしくみを考える人物です。","🕯️","図鑑"
"石原莞爾","石原莞爾","二つの世界大戦の時代","20世紀前半の世界","戦争と平和を考える人","石原莞爾は20世紀前半の世界で世界大戦、独裁、抵抗、科学、報道、人権に関わりました。戦争の被害と、平和を求めるしくみを考える人物です。","🕯️","図鑑"
"金日成","金日成","二つの世界大戦の時代","20世紀前半の世界","戦争と平和を考える人","金日成は20世紀前半の世界で世界大戦、独裁、抵抗、科学、報道、人権に関わりました。戦争の被害と、平和を求めるしくみを考える人物です。","🕯️","カタログのみ"
"李承晩","李承晩","二つの世界大戦の時代","20世紀前半の世界","戦争と平和を考える人","李承晩は20世紀前半の世界で世界大戦、独裁、抵抗、科学、報道、人権に関わりました。戦争の被害と、平和を求めるしくみを考える人物です。","🕯️","カタログのみ"
"アンネ・フランク","アンネ・フランク","二つの世界大戦の時代","20世紀前半の世界","戦争と平和を考える人","アンネ・フランクは20世紀前半の世界で世界大戦、独裁、抵抗、科学、報道、人権に関わりました。戦争の被害と、平和を求めるしくみを考える人物です。","🕯️","カタログのみ"
"シモーヌ・ヴェイユ","シモーヌ・ヴェイユ","二つの世界大戦の時代","20世紀前半の世界","戦争と平和を考える人","シモーヌ・ヴェイユは20世紀前半の世界で世界大戦、独裁、抵抗、科学、報道、人権に関わりました。戦争の被害と、平和を求めるしくみを考える人物です。","🕯️","カタログのみ"
"ハンナ・アーレント","ハンナ・アーレント","二つの世界大戦の時代","20世紀前半の世界","戦争と平和を考える人","ハンナ・アーレントは20世紀前半の世界で世界大戦、独裁、抵抗、科学、報道、人権に関わりました。戦争の被害と、平和を求めるしくみを考える人物です。","🕯️","カタログのみ"
"ラウル・ワレンバーグ","ラウル・ワレンバーグ","二つの世界大戦の時代","20世紀前半の世界","戦争と平和を考える人","ラウル・ワレンバーグは20世紀前半の世界で世界大戦、独裁、抵抗、科学、報道、人権に関わりました。戦争の被害と、平和を求めるしくみを考える人物です。","🕯️","カタログのみ"
"オスカー・シンドラー","オスカー・シンドラー","二つの世界大戦の時代","20世紀前半の世界","戦争と平和を考える人","オスカー・シンドラーは20世紀前半の世界で世界大戦、独裁、抵抗、科学、報道、人権に関わりました。戦争の被害と、平和を求めるしくみを考える人物です。","🕯️","カタログのみ"
"杉原千畝","杉原千畝","二つの世界大戦の時代","20世紀前半の世界","戦争と平和を考える人","杉原千畝は20世紀前半の世界で世界大戦、独裁、抵抗、科学、報道、人権に関わりました。戦争の被害と、平和を求めるしくみを考える人物です。","🕯️","カタログのみ"
"ヤヌシュ・コルチャック","ヤヌシュ・コルチャック","二つの世界大戦の時代","20世紀前半の世界","戦争と平和を考える人","ヤヌシュ・コルチャックは20世紀前半の世界で世界大戦、独裁、抵抗、科学、報道、人権に関わりました。戦争の被害と、平和を求めるしくみを考える人物です。","🕯️","カタログのみ"
"ヴィクトール・フランクル","ヴィクトール・フランクル","二つの世界大戦の時代","20世紀前半の世界","戦争と平和を考える人","ヴィクトール・フランクルは20世紀前半の世界で世界大戦、独裁、抵抗、科学、報道、人権に関わりました。戦争の被害と、平和を求めるしくみを考える人物です。","🕯️","カタログのみ"
"エディット・シュタイン","エディット・シュタイン","二つの世界大戦の時代","20世紀前半の世界","戦争と平和を考える人","エディット・シュタインは20世紀前半の世界で世界大戦、独裁、抵抗、科学、報道、人権に関わりました。戦争の被害と、平和を求めるしくみを考える人物です。","🕯️","カタログのみ"
"アラン・チューリング","アラン・チューリング","二つの世界大戦の時代","20世紀前半の世界","戦争と平和を考える人","アラン・チューリングは20世紀前半の世界で世界大戦、独裁、抵抗、科学、報道、人権に関わりました。戦争の被害と、平和を求めるしくみを考える人物です。","🕯️","カタログのみ"
"ジョン・フォン・ノイマン","ジョン・フォン・ノイマン","二つの世界大戦の時代","20世紀前半の世界","戦争と平和を考える人","ジョン・フォン・ノイマンは20世紀前半の世界で世界大戦、独裁、抵抗、科学、報道、人権に関わりました。戦争の被害と、平和を求めるしくみを考える人物です。","🕯️","カタログのみ"
"ロバート・オッペンハイマー","ロバート・オッペンハイマー","二つの世界大戦の時代","20世紀前半の世界","戦争と平和を考える人","ロバート・オッペンハイマーは20世紀前半の世界で世界大戦、独裁、抵抗、科学、報道、人権に関わりました。戦争の被害と、平和を求めるしくみを考える人物です。","🕯️","カタログのみ"
"エンリコ・フェルミ","エンリコ・フェルミ","二つの世界大戦の時代","20世紀前半の世界","戦争と平和を考える人","エンリコ・フェルミは20世紀前半の世界で世界大戦、独裁、抵抗、科学、報道、人権に関わりました。戦争の被害と、平和を求めるしくみを考える人物です。","🕯️","カタログのみ"
"ニールス・ボーア","ニールス・ボーア","二つの世界大戦の時代","20世紀前半の世界","戦争と平和を考える人","ニールス・ボーアは20世紀前半の世界で世界大戦、独裁、抵抗、科学、報道、人権に関わりました。戦争の被害と、平和を求めるしくみを考える人物です。","🕯️","カタログのみ"
"リチャード・ファインマン","リチャード・ファインマン","二つの世界大戦の時代","20世紀前半の世界","戦争と平和を考える人","リチャード・ファインマンは20世紀前半の世界で世界大戦、独裁、抵抗、科学、報道、人権に関わりました。戦争の被害と、平和を求めるしくみを考える人物です。","🕯️","カタログのみ"
"湯川秀樹","湯川秀樹","二つの世界大戦の時代","20世紀前半の世界","戦争と平和を考える人","湯川秀樹は20世紀前半の世界で世界大戦、独裁、抵抗、科学、報道、人権に関わりました。戦争の被害と、平和を求めるしくみを考える人物です。","🕯️","カタログのみ"
"朝永振一郎","朝永振一郎","二つの世界大戦の時代","20世紀前半の世界","戦争と平和を考える人","朝永振一郎は20世紀前半の世界で世界大戦、独裁、抵抗、科学、報道、人権に関わりました。戦争の被害と、平和を求めるしくみを考える人物です。","🕯️","カタログのみ"
"レイチェル・カーソン","レイチェル・カーソン","二つの世界大戦の時代","20世紀前半の世界","戦争と平和を考える人","レイチェル・カーソンは20世紀前半の世界で世界大戦、独裁、抵抗、科学、報道、人権に関わりました。戦争の被害と、平和を求めるしくみを考える人物です。","🕯️","図鑑"
"ジョージ・オーウェル","ジョージ・オーウェル","二つの世界大戦の時代","20世紀前半の世界","戦争と平和を考える人","ジョージ・オーウェルは20世紀前半の世界で世界大戦、独裁、抵抗、科学、報道、人権に関わりました。戦争の被害と、平和を求めるしくみを考える人物です。","🕯️","カタログのみ"
"アーネスト・ヘミングウェイ","アーネスト・ヘミングウェイ","二つの世界大戦の時代","20世紀前半の世界","戦争と平和を考える人","アーネスト・ヘミングウェイは20世紀前半の世界で世界大戦、独裁、抵抗、科学、報道、人権に関わりました。戦争の被害と、平和を求めるしくみを考える人物です。","🕯️","カタログのみ"
"チャップリン","チャップリン","二つの世界大戦の時代","20世紀前半の世界","戦争と平和を考える人","チャップリンは20世紀前半の世界で世界大戦、独裁、抵抗、科学、報道、人権に関わりました。戦争の被害と、平和を求めるしくみを考える人物です。","🕯️","カタログのみ"
"ベルトルト・ブレヒト","ベルトルト・ブレヒト","二つの世界大戦の時代","20世紀前半の世界","戦争と平和を考える人","ベルトルト・ブレヒトは20世紀前半の世界で世界大戦、独裁、抵抗、科学、報道、人権に関わりました。戦争の被害と、平和を求めるしくみを考える人物です。","🕯️","カタログのみ"
"パール・バック","パール・バック","二つの世界大戦の時代","20世紀前半の世界","戦争と平和を考える人","パール・バックは20世紀前半の世界で世界大戦、独裁、抵抗、科学、報道、人権に関わりました。戦争の被害と、平和を求めるしくみを考える人物です。","🕯️","カタログのみ"
"マーガレット・ミード","マーガレット・ミード","二つの世界大戦の時代","20世紀前半の世界","戦争と平和を考える人","マーガレット・ミードは20世紀前半の世界で世界大戦、独裁、抵抗、科学、報道、人権に関わりました。戦争の被害と、平和を求めるしくみを考える人物です。","🕯️","カタログのみ"
"フリーダ・カーロ","フリーダ・カーロ","二つの世界大戦の時代","20世紀前半の世界","戦争と平和を考える人","フリーダ・カーロは20世紀前半の世界で世界大戦、独裁、抵抗、科学、報道、人権に関わりました。戦争の被害と、平和を求めるしくみを考える人物です。","🕯️","カタログのみ"
"ディエゴ・リベラ","ディエゴ・リベラ","二つの世界大戦の時代","20世紀前半の世界","戦争と平和を考える人","ディエゴ・リベラは20世紀前半の世界で世界大戦、独裁、抵抗、科学、報道、人権に関わりました。戦争の被害と、平和を求めるしくみを考える人物です。","🕯️","カタログのみ"
"マリア・モンテッソーリ","マリア・モンテッソーリ","二つの世界大戦の時代","20世紀前半の世界","戦争と平和を考える人","マリア・モンテッソーリは20世紀前半の世界で世界大戦、独裁、抵抗、科学、報道、人権に関わりました。戦争の被害と、平和を求めるしくみを考える人物です。","🕯️","カタログのみ"
"ジャン・モネ","ジャン・モネ","二つの世界大戦の時代","20世紀前半の世界","戦争と平和を考える人","ジャン・モネは20世紀前半の世界で世界大戦、独裁、抵抗、科学、報道、人権に関わりました。戦争の被害と、平和を求めるしくみを考える人物です。","🕯️","カタログのみ"
"ロベール・シューマン","ロベール・シューマン","二つの世界大戦の時代","20世紀前半の世界","戦争と平和を考える人","ロベール・シューマンは20世紀前半の世界で世界大戦、独裁、抵抗、科学、報道、人権に関わりました。戦争の被害と、平和を求めるしくみを考える人物です。","🕯️","カタログのみ"
"クワメ・エンクルマ","クワメ・エンクルマ","二つの世界大戦の時代","20世紀前半の世界","戦争と平和を考える人","クワメ・エンクルマは20世紀前半の世界で世界大戦、独裁、抵抗、科学、報道、人権に関わりました。戦争の被害と、平和を求めるしくみを考える人物です。","🕯️","カタログのみ"
"ジョモ・ケニヤッタ","ジョモ・ケニヤッタ","二つの世界大戦の時代","20世紀前半の世界","戦争と平和を考える人","ジョモ・ケニヤッタは20世紀前半の世界で世界大戦、独裁、抵抗、科学、報道、人権に関わりました。戦争の被害と、平和を求めるしくみを考える人物です。","🕯️","カタログのみ"
"ホセ・マルティ","ホセ・マルティ","二つの世界大戦の時代","20世紀前半の世界","戦争と平和を考える人","ホセ・マルティは20世紀前半の世界で世界大戦、独裁、抵抗、科学、報道、人権に関わりました。戦争の被害と、平和を求めるしくみを考える人物です。","🕯️","カタログのみ"
"レフ・ランダウ","レフ・ランダウ","二つの世界大戦の時代","20世紀前半の世界","戦争と平和を考える人","レフ・ランダウは20世紀前半の世界で世界大戦、独裁、抵抗、科学、報道、人権に関わりました。戦争の被害と、平和を求めるしくみを考える人物です。","🕯️","カタログのみ"
"アンドレイ・サハロフ","アンドレイ・サハロフ","二つの世界大戦の時代","20世紀前半の世界","戦争と平和を考える人","アンドレイ・サハロフは20世紀前半の世界で世界大戦、独裁、抵抗、科学、報道、人権に関わりました。戦争の被害と、平和を求めるしくみを考える人物です。","🕯️","カタログのみ"
"シモーヌ・ド・ボーヴォワ","シモーヌ・ド・ボーヴォワ","二つの世界大戦の時代","20世紀前半の世界","戦争と平和を考える人","シモーヌ・ド・ボーヴォワは20世紀前半の世界で世界大戦、独裁、抵抗、科学、報道、人権に関わりました。戦争の被害と、平和を求めるしくみを考える人物です。","🕯️","カタログのみ"
"ジャン＝ポール・サルトル","ジャン＝ポール・サルトル","二つの世界大戦の時代","20世紀前半の世界","戦争と平和を考える人","ジャン＝ポール・サルトルは20世紀前半の世界で世界大戦、独裁、抵抗、科学、報道、人権に関わりました。戦争の被害と、平和を求めるしくみを考える人物です。","🕯️","カタログのみ"
"ガブリエラ・ミストラ","ガブリエラ・ミストラ","二つの世界大戦の時代","20世紀前半の世界","戦争と平和を考える人","ガブリエラ・ミストラは20世紀前半の世界で世界大戦、独裁、抵抗、科学、報道、人権に関わりました。戦争の被害と、平和を求めるしくみを考える人物です。","🕯️","カタログのみ"
"ジャワハルラール・ネルー","ジャワハルラール・ネルー","今につながる時代","戦後から現代の世界","人権と未来を考える人","ジャワハルラール・ネルーは戦後から現代の世界で独立、人権、科学、環境、教育、情報技術、文化に関わりました。国境をこえる課題に人々が向き合う姿を示します。","🌐","図鑑"
"インディラ・ガンディー","インディラ・ガンディー","今につながる時代","戦後から現代の世界","人権と未来を考える人","インディラ・ガンディーは戦後から現代の世界で独立、人権、科学、環境、教育、情報技術、文化に関わりました。国境をこえる課題に人々が向き合う姿を示します。","🌐","図鑑"
"ベナジル・ブット","ベナジル・ブット","今につながる時代","戦後から現代の世界","人権と未来を考える人","ベナジル・ブットは戦後から現代の世界で独立、人権、科学、環境、教育、情報技術、文化に関わりました。国境をこえる課題に人々が向き合う姿を示します。","🌐","図鑑"
"アウンサンスーチー","アウンサンスーチー","今につながる時代","戦後から現代の世界","人権と未来を考える人","アウンサンスーチーは戦後から現代の世界で独立、人権、科学、環境、教育、情報技術、文化に関わりました。国境をこえる課題に人々が向き合う姿を示します。","🌐","図鑑"
"リー・クアンユー","リー・クアンユー","今につながる時代","戦後から現代の世界","人権と未来を考える人","リー・クアンユーは戦後から現代の世界で独立、人権、科学、環境、教育、情報技術、文化に関わりました。国境をこえる課題に人々が向き合う姿を示します。","🌐","図鑑"
"ダライ・ラマ14世","ダライ・ラマ14世","今につながる時代","戦後から現代の世界","人権と未来を考える人","ダライ・ラマ14世は戦後から現代の世界で独立、人権、科学、環境、教育、情報技術、文化に関わりました。国境をこえる課題に人々が向き合う姿を示します。","🌐","図鑑"
"デズモンド・ツツ","デズモンド・ツツ","今につながる時代","戦後から現代の世界","人権と未来を考える人","デズモンド・ツツは戦後から現代の世界で独立、人権、科学、環境、教育、情報技術、文化に関わりました。国境をこえる課題に人々が向き合う姿を示します。","🌐","図鑑"
"パトリス・ルムンバ","パトリス・ルムンバ","今につながる時代","戦後から現代の世界","人権と未来を考える人","パトリス・ルムンバは戦後から現代の世界で独立、人権、科学、環境、教育、情報技術、文化に関わりました。国境をこえる課題に人々が向き合う姿を示します。","🌐","図鑑"
"ジュリウス・ニエレレ","ジュリウス・ニエレレ","今につながる時代","戦後から現代の世界","人権と未来を考える人","ジュリウス・ニエレレは戦後から現代の世界で独立、人権、科学、環境、教育、情報技術、文化に関わりました。国境をこえる課題に人々が向き合う姿を示します。","🌐","図鑑"
"トーマス・サンカラ","トーマス・サンカラ","今につながる時代","戦後から現代の世界","人権と未来を考える人","トーマス・サンカラは戦後から現代の世界で独立、人権、科学、環境、教育、情報技術、文化に関わりました。国境をこえる課題に人々が向き合う姿を示します。","🌐","図鑑"
"エレン・ジョンソン・サーリーフ","エレン・ジョンソン・サーリーフ","今につながる時代","戦後から現代の世界","人権と未来を考える人","エレン・ジョンソン・サーリーフは戦後から現代の世界で独立、人権、科学、環境、教育、情報技術、文化に関わりました。国境をこえる課題に人々が向き合う姿を示します。","🌐","図鑑"
"ルース・ベイダー・ギンズバーグ","ルース・ベイダー・ギンズバーグ","今につながる時代","戦後から現代の世界","人権と未来を考える人","ルース・ベイダー・ギンズバーグは戦後から現代の世界で独立、人権、科学、環境、教育、情報技術、文化に関わりました。国境をこえる課題に人々が向き合う姿を示します。","🌐","図鑑"
"ローザ・パークス","ローザ・パークス","今につながる時代","戦後から現代の世界","人権と未来を考える人","ローザ・パークスは戦後から現代の世界で独立、人権、科学、環境、教育、情報技術、文化に関わりました。国境をこえる課題に人々が向き合う姿を示します。","🌐","図鑑"
"マルコムX","マルコムX","今につながる時代","戦後から現代の世界","人権と未来を考える人","マルコムXは戦後から現代の世界で独立、人権、科学、環境、教育、情報技術、文化に関わりました。国境をこえる課題に人々が向き合う姿を示します。","🌐","図鑑"
"セサル・チャベス","セサル・チャベス","今につながる時代","戦後から現代の世界","人権と未来を考える人","セサル・チャベスは戦後から現代の世界で独立、人権、科学、環境、教育、情報技術、文化に関わりました。国境をこえる課題に人々が向き合う姿を示します。","🌐","図鑑"
"ドロレス・ウエルタ","ドロレス・ウエルタ","今につながる時代","戦後から現代の世界","人権と未来を考える人","ドロレス・ウエルタは戦後から現代の世界で独立、人権、科学、環境、教育、情報技術、文化に関わりました。国境をこえる課題に人々が向き合う姿を示します。","🌐","図鑑"
"ハーヴェイ・ミルク","ハーヴェイ・ミルク","今につながる時代","戦後から現代の世界","人権と未来を考える人","ハーヴェイ・ミルクは戦後から現代の世界で独立、人権、科学、環境、教育、情報技術、文化に関わりました。国境をこえる課題に人々が向き合う姿を示します。","🌐","図鑑"
"ジェーン・グドール","ジェーン・グドール","今につながる時代","戦後から現代の世界","人権と未来を考える人","ジェーン・グドールは戦後から現代の世界で独立、人権、科学、環境、教育、情報技術、文化に関わりました。国境をこえる課題に人々が向き合う姿を示します。","🌐","図鑑"
"シルビア・アール","シルビア・アール","今につながる時代","戦後から現代の世界","人権と未来を考える人","シルビア・アールは戦後から現代の世界で独立、人権、科学、環境、教育、情報技術、文化に関わりました。国境をこえる課題に人々が向き合う姿を示します。","🌐","カタログのみ"
"グレタ・トゥーンベリ","グレタ・トゥーンベリ","今につながる時代","戦後から現代の世界","人権と未来を考える人","グレタ・トゥーンベリは戦後から現代の世界で独立、人権、科学、環境、教育、情報技術、文化に関わりました。国境をこえる課題に人々が向き合う姿を示します。","🌐","カタログのみ"
"マザー・テレサ","マザー・テレサ","今につながる時代","戦後から現代の世界","人権と未来を考える人","マザー・テレサは戦後から現代の世界で独立、人権、科学、環境、教育、情報技術、文化に関わりました。国境をこえる課題に人々が向き合う姿を示します。","🌐","カタログのみ"
"ダニエル・エルズバーグ","ダニエル・エルズバーグ","今につながる時代","戦後から現代の世界","人権と未来を考える人","ダニエル・エルズバーグは戦後から現代の世界で独立、人権、科学、環境、教育、情報技術、文化に関わりました。国境をこえる課題に人々が向き合う姿を示します。","🌐","カタログのみ"
"スティーブ・ジョブズ","スティーブ・ジョブズ","今につながる時代","戦後から現代の世界","人権と未来を考える人","スティーブ・ジョブズは戦後から現代の世界で独立、人権、科学、環境、教育、情報技術、文化に関わりました。国境をこえる課題に人々が向き合う姿を示します。","🌐","カタログのみ"
"ビル・ゲイツ","ビル・ゲイツ","今につながる時代","戦後から現代の世界","人権と未来を考える人","ビル・ゲイツは戦後から現代の世界で独立、人権、科学、環境、教育、情報技術、文化に関わりました。国境をこえる課題に人々が向き合う姿を示します。","🌐","カタログのみ"
"ティム・バーナーズ＝リー","ティム・バーナーズ＝リー","今につながる時代","戦後から現代の世界","人権と未来を考える人","ティム・バーナーズ＝リーは戦後から現代の世界で独立、人権、科学、環境、教育、情報技術、文化に関わりました。国境をこえる課題に人々が向き合う姿を示します。","🌐","カタログのみ"
"リーナス・トーバルズ","リーナス・トーバルズ","今につながる時代","戦後から現代の世界","人権と未来を考える人","リーナス・トーバルズは戦後から現代の世界で独立、人権、科学、環境、教育、情報技術、文化に関わりました。国境をこえる課題に人々が向き合う姿を示します。","🌐","カタログのみ"
"セルゲイ・ブリン","セルゲイ・ブリン","今につながる時代","戦後から現代の世界","人権と未来を考える人","セルゲイ・ブリンは戦後から現代の世界で独立、人権、科学、環境、教育、情報技術、文化に関わりました。国境をこえる課題に人々が向き合う姿を示します。","🌐","カタログのみ"
"ラリー・ペイジ","ラリー・ペイジ","今につながる時代","戦後から現代の世界","人権と未来を考える人","ラリー・ペイジは戦後から現代の世界で独立、人権、科学、環境、教育、情報技術、文化に関わりました。国境をこえる課題に人々が向き合う姿を示します。","🌐","カタログのみ"
"マーク・ザッカーバーグ","マーク・ザッカーバーグ","今につながる時代","戦後から現代の世界","人権と未来を考える人","マーク・ザッカーバーグは戦後から現代の世界で独立、人権、科学、環境、教育、情報技術、文化に関わりました。国境をこえる課題に人々が向き合う姿を示します。","🌐","カタログのみ"
"イーロン・マスク","イーロン・マスク","今につながる時代","戦後から現代の世界","人権と未来を考える人","イーロン・マスクは戦後から現代の世界で独立、人権、科学、環境、教育、情報技術、文化に関わりました。国境をこえる課題に人々が向き合う姿を示します。","🌐","カタログのみ"
"キャサリン・ジョンソン","キャサリン・ジョンソン","今につながる時代","戦後から現代の世界","人権と未来を考える人","キャサリン・ジョンソンは戦後から現代の世界で独立、人権、科学、環境、教育、情報技術、文化に関わりました。国境をこえる課題に人々が向き合う姿を示します。","🌐","カタログのみ"
"メイ・ジェミソン","メイ・ジェミソン","今につながる時代","戦後から現代の世界","人権と未来を考える人","メイ・ジェミソンは戦後から現代の世界で独立、人権、科学、環境、教育、情報技術、文化に関わりました。国境をこえる課題に人々が向き合う姿を示します。","🌐","カタログのみ"
"サリー・ライド","サリー・ライド","今につながる時代","戦後から現代の世界","人権と未来を考える人","サリー・ライドは戦後から現代の世界で独立、人権、科学、環境、教育、情報技術、文化に関わりました。国境をこえる課題に人々が向き合う姿を示します。","🌐","カタログのみ"
"ワレンチナ・テレシコワ","ワレンチナ・テレシコワ","今につながる時代","戦後から現代の世界","人権と未来を考える人","ワレンチナ・テレシコワは戦後から現代の世界で独立、人権、科学、環境、教育、情報技術、文化に関わりました。国境をこえる課題に人々が向き合う姿を示します。","🌐","カタログのみ"
"ユーリイ・ガガーリン","ユーリイ・ガガーリン","今につながる時代","戦後から現代の世界","人権と未来を考える人","ユーリイ・ガガーリンは戦後から現代の世界で独立、人権、科学、環境、教育、情報技術、文化に関わりました。国境をこえる課題に人々が向き合う姿を示します。","🌐","カタログのみ"
"ニール・アームストロング","ニール・アームストロング","今につながる時代","戦後から現代の世界","人権と未来を考える人","ニール・アームストロングは戦後から現代の世界で独立、人権、科学、環境、教育、情報技術、文化に関わりました。国境をこえる課題に人々が向き合う姿を示します。","🌐","カタログのみ"
"スティーブン・ホーキング","スティーブン・ホーキング","今につながる時代","戦後から現代の世界","人権と未来を考える人","スティーブン・ホーキングは戦後から現代の世界で独立、人権、科学、環境、教育、情報技術、文化に関わりました。国境をこえる課題に人々が向き合う姿を示します。","🌐","カタログのみ"
"ドロシー・ホジキン","ドロシー・ホジキン","今につながる時代","戦後から現代の世界","人権と未来を考える人","ドロシー・ホジキンは戦後から現代の世界で独立、人権、科学、環境、教育、情報技術、文化に関わりました。国境をこえる課題に人々が向き合う姿を示します。","🌐","カタログのみ"
"ロザリンド・フランクリン","ロザリンド・フランクリン","今につながる時代","戦後から現代の世界","人権と未来を考える人","ロザリンド・フランクリンは戦後から現代の世界で独立、人権、科学、環境、教育、情報技術、文化に関わりました。国境をこえる課題に人々が向き合う姿を示します。","🌐","カタログのみ"
"チエン・シゥン・ウー","チエン・シゥン・ウー","今につながる時代","戦後から現代の世界","人権と未来を考える人","チエン・シゥン・ウーは戦後から現代の世界で独立、人権、科学、環境、教育、情報技術、文化に関わりました。国境をこえる課題に人々が向き合う姿を示します。","🌐","カタログのみ"
"ジェームズ・ワトソン","ジェームズ・ワトソン","今につながる時代","戦後から現代の世界","人権と未来を考える人","ジェームズ・ワトソンは戦後から現代の世界で独立、人権、科学、環境、教育、情報技術、文化に関わりました。国境をこえる課題に人々が向き合う姿を示します。","🌐","カタログのみ"
"フランシス・クリック","フランシス・クリック","今につながる時代","戦後から現代の世界","人権と未来を考える人","フランシス・クリックは戦後から現代の世界で独立、人権、科学、環境、教育、情報技術、文化に関わりました。国境をこえる課題に人々が向き合う姿を示します。","🌐","カタログのみ"
"マーシャル・ニーレンバーグ","マーシャル・ニーレンバーグ","今につながる時代","戦後から現代の世界","人権と未来を考える人","マーシャル・ニーレンバーグは戦後から現代の世界で独立、人権、科学、環境、教育、情報技術、文化に関わりました。国境をこえる課題に人々が向き合う姿を示します。","🌐","カタログのみ"
"山中伸弥","山中伸弥","今につながる時代","戦後から現代の世界","人権と未来を考える人","山中伸弥は戦後から現代の世界で独立、人権、科学、環境、教育、情報技術、文化に関わりました。国境をこえる課題に人々が向き合う姿を示します。","🌐","カタログのみ"
"大隅良典","大隅良典","今につながる時代","戦後から現代の世界","人権と未来を考える人","大隅良典は戦後から現代の世界で独立、人権、科学、環境、教育、情報技術、文化に関わりました。国境をこえる課題に人々が向き合う姿を示します。","🌐","カタログのみ"
"本庶佑","本庶佑","今につながる時代","戦後から現代の世界","人権と未来を考える人","本庶佑は戦後から現代の世界で独立、人権、科学、環境、教育、情報技術、文化に関わりました。国境をこえる課題に人々が向き合う姿を示します。","🌐","カタログのみ"
"黒澤明","黒澤明","今につながる時代","戦後から現代の世界","人権と未来を考える人","黒澤明は戦後から現代の世界で独立、人権、科学、環境、教育、情報技術、文化に関わりました。国境をこえる課題に人々が向き合う姿を示します。","🌐","カタログのみ"
"宮崎駿","宮崎駿","今につながる時代","戦後から現代の世界","人権と未来を考える人","宮崎駿は戦後から現代の世界で独立、人権、科学、環境、教育、情報技術、文化に関わりました。国境をこえる課題に人々が向き合う姿を示します。","🌐","カタログのみ"
"手塚治虫","手塚治虫","今につながる時代","戦後から現代の世界","人権と未来を考える人","手塚治虫は戦後から現代の世界で独立、人権、科学、環境、教育、情報技術、文化に関わりました。国境をこえる課題に人々が向き合う姿を示します。","🌐","カタログのみ"
"ボブ・ディラン","ボブ・ディラン","今につながる時代","戦後から現代の世界","人権と未来を考える人","ボブ・ディランは戦後から現代の世界で独立、人権、科学、環境、教育、情報技術、文化に関わりました。国境をこえる課題に人々が向き合う姿を示します。","🌐","カタログのみ"
"ジョン・レノン","ジョン・レノン","今につながる時代","戦後から現代の世界","人権と未来を考える人","ジョン・レノンは戦後から現代の世界で独立、人権、科学、環境、教育、情報技術、文化に関わりました。国境をこえる課題に人々が向き合う姿を示します。","🌐","カタログのみ"
"マイケル・ジャクソン","マイケル・ジャクソン","今につながる時代","戦後から現代の世界","人権と未来を考える人","マイケル・ジャクソンは戦後から現代の世界で独立、人権、科学、環境、教育、情報技術、文化に関わりました。国境をこえる課題に人々が向き合う姿を示します。","🌐","カタログのみ"
"ペレ","ペレ","今につながる時代","戦後から現代の世界","人権と未来を考える人","ペレは戦後から現代の世界で独立、人権、科学、環境、教育、情報技術、文化に関わりました。国境をこえる課題に人々が向き合う姿を示します。","🌐","カタログのみ"
"モハメド・アリ","モハメド・アリ","今につながる時代","戦後から現代の世界","人権と未来を考える人","モハメド・アリは戦後から現代の世界で独立、人権、科学、環境、教育、情報技術、文化に関わりました。国境をこえる課題に人々が向き合う姿を示します。","🌐","カタログのみ"
"セリーナ・ウィリアムズ","セリーナ・ウィリアムズ","今につながる時代","戦後から現代の世界","人権と未来を考える人","セリーナ・ウィリアムズは戦後から現代の世界で独立、人権、科学、環境、教育、情報技術、文化に関わりました。国境をこえる課題に人々が向き合う姿を示します。","🌐","カタログのみ"
"大坂なおみ","大坂なおみ","今につながる時代","戦後から現代の世界","人権と未来を考える人","大坂なおみは戦後から現代の世界で独立、人権、科学、環境、教育、情報技術、文化に関わりました。国境をこえる課題に人々が向き合う姿を示します。","🌐","カタログのみ"
"ウサイン・ボルト","ウサイン・ボルト","今につながる時代","戦後から現代の世界","人権と未来を考える人","ウサイン・ボルトは戦後から現代の世界で独立、人権、科学、環境、教育、情報技術、文化に関わりました。国境をこえる課題に人々が向き合う姿を示します。","🌐","カタログのみ"
"リオネル・メッシ","リオネル・メッシ","今につながる時代","戦後から現代の世界","人権と未来を考える人","リオネル・メッシは戦後から現代の世界で独立、人権、科学、環境、教育、情報技術、文化に関わりました。国境をこえる課題に人々が向き合う姿を示します。","🌐","カタログのみ"
"マイケル・ジョーダン","マイケル・ジョーダン","今につながる時代","戦後から現代の世界","人権と未来を考える人","マイケル・ジョーダンは戦後から現代の世界で独立、人権、科学、環境、教育、情報技術、文化に関わりました。国境をこえる課題に人々が向き合う姿を示します。","🌐","カタログのみ"